seg000:6000 ;
seg000:6000 ; +-------------------------------------------------------------------------+
seg000:6000 ; |      This file was generated by The Interactive Disassembler (IDA)      |
seg000:6000 ; |           Copyright (c) 2026 Hex-Rays, <support@hex-rays.com>           |
seg000:6000 ; |                      License info: 48-2137-ACAB-69                      |
seg000:6000 ; |                             hi@hex-rays.com                             |
seg000:6000 ; +-------------------------------------------------------------------------+
seg000:6000 ;
seg000:6000 ; Input SHA256 : F9DBB1B008849D667DED3F7AAF05030B567BD9C039F9B80D34FD5232AFD09B17
seg000:6000 ; Input MD5    : 9FED6788F2F2D7933C6DE7B070B4F84D
seg000:6000 ; Input CRC32  : A7E50A8E
seg000:6000
seg000:6000 ; File Name   : /home/brox/Projects/zeliard/game/0/enddemo.bin
seg000:6000 ; Format      : Binary file
seg000:6000 ; Base Address: 0000h Range: 0000h - 21EBh Loaded length: 21EBh
seg000:6000
seg000:6000                 .286
seg000:6000                 .model small
seg000:6000
seg000:6000 ; ===========================================================================
seg000:6000
seg000:6000 ; Segment type: Pure code
seg000:6000 seg000          segment byte public 'CODE'
seg000:6000                 assume cs:seg000
seg000:6000                 ;org 6000h
seg000:6000                 assume es:nothing, ss:nothing, ds:seg000
seg000:6000                 dw offset sub_6002
seg000:6002
seg000:6002 ; =============== S U B R O U T I N E =======================================
seg000:6002
seg000:6002 ; Attributes: noreturn
seg000:6002
seg000:6002 sub_6002        proc near
seg000:6002                 cli
seg000:6003                 mov     sp, 2000h
seg000:6006                 sti
seg000:6007                 mov     cs:off_6630, offset unk_6AA8
seg000:600E                 mov     ax, 6
seg000:6011                 call    word ptr cs:3008h
seg000:6016                 push    cs
seg000:6017                 pop     es
seg000:6018                 assume es:nothing
seg000:6018                 mov     si, offset vfs_yuup_grp
seg000:601B                 mov     di, 0A000h
seg000:601E                 mov     al, 2
seg000:6020                 call    word ptr cs:10Ch
seg000:6025                 mov     es, word ptr cs:0FF2Ch
seg000:602A                 assume es:nothing
seg000:602A                 mov     si, 0A000h
seg000:602D                 mov     di, 4000h
seg000:6030                 call    sub_696D
seg000:6033                 push    cs
seg000:6034                 pop     es
seg000:6035                 assume es:nothing
seg000:6035                 mov     si, offset vfs_new1_grp
seg000:6038                 mov     di, 0A000h
seg000:603B                 mov     al, 2
seg000:603D                 call    word ptr cs:10Ch
seg000:6042                 mov     es, word ptr cs:0FF2Ch
seg000:6047                 assume es:nothing
seg000:6047                 mov     si, 0A000h
seg000:604A                 mov     di, 8000h
seg000:604D                 call    sub_696D
seg000:6050                 mov     es, word ptr cs:0FF2Ch
seg000:6055                 mov     di, 4000h
seg000:6058                 mov     al, 0FFh
seg000:605A                 mov     bx, 0B18h
seg000:605D                 mov     cx, 1858h
seg000:6060                 call    word ptr cs:3004h
seg000:6065                 mov     ax, cs
seg000:6067                 add     ax, 2000h
seg000:606A                 mov     es, ax
seg000:606C                 assume es:nothing
seg000:606C                 push    ds
seg000:606D                 mov     di, 0
seg000:6070                 mov     ds, word ptr cs:0FF2Ch
seg000:6075                 mov     si, 8000h
seg000:6078                 mov     ax, 0B2h
seg000:607B                 call    sub_6A1E
seg000:607E                 pop     ds
seg000:607F                 mov     di, 0
seg000:6082                 mov     al, 0FFh
seg000:6084                 mov     bx, 2D71h
seg000:6087                 mov     cx, 1858h
seg000:608A                 call    word ptr cs:3004h
seg000:608F                 mov     byte ptr cs:0FF1Ah, 0
seg000:6095                 mov     al, 0FFh
seg000:6097                 call    sub_62EE
seg000:6097 sub_6002        endp
seg000:6097
seg000:609A
seg000:609A ; =============== S U B R O U T I N E =======================================
seg000:609A
seg000:609A ; Attributes: noreturn
seg000:609A
seg000:609A sub_609A        proc near
seg000:609A
seg000:609A ; FUNCTION CHUNK AT seg000:6638 SIZE 00000095 BYTES
seg000:609A
seg000:609A                 mov     cx, 59h ; 'Y'
seg000:609D
seg000:609D loc_609D:
seg000:609D                 push    cx
seg000:609E                 mov     ax, cs
seg000:60A0                 add     ax, 2000h
seg000:60A3                 mov     es, ax
seg000:60A5                 mov     ax, cx
seg000:60A7                 dec     ax
seg000:60A8                 add     ax, ax
seg000:60AA                 push    ds
seg000:60AB                 mov     di, 0
seg000:60AE                 mov     ds, word ptr cs:0FF2Ch
seg000:60B3                 mov     si, 8000h
seg000:60B6                 call    sub_6A1E
seg000:60B9                 pop     ds
seg000:60BA                 pop     cx
seg000:60BB                 push    cx
seg000:60BC                 mov     bx, cx
seg000:60BE                 add     bx, 17h
seg000:60C1                 mov     bh, 2Dh ; '-'
seg000:60C3                 mov     di, 0
seg000:60C6                 mov     cx, 1858h
seg000:60C9                 call    word ptr cs:3010h
seg000:60CE                 mov     al, 0Ah
seg000:60D0                 call    sub_62EE
seg000:60D3 ; ---------------------------------------------------------------------------
seg000:60D3                 pop     cx
seg000:60D4                 loop    loc_609D
seg000:60D6                 push    cs
seg000:60D7                 pop     es
seg000:60D8                 assume es:nothing
seg000:60D8                 mov     si, offset vfs_waku_grp
seg000:60DB                 mov     di, 0A000h
seg000:60DE                 mov     al, 2
seg000:60E0                 call    word ptr cs:10Ch
seg000:60E5                 mov     ax, cs
seg000:60E7                 add     ax, 2000h
seg000:60EA                 mov     es, ax
seg000:60EC                 assume es:nothing
seg000:60EC                 mov     si, 0A000h
seg000:60EF                 mov     di, 0
seg000:60F2                 call    sub_696D
seg000:60F5                 mov     di, 0
seg000:60F8                 call    word ptr cs:3028h
seg000:60FD                 call    sub_6318
seg000:6100 ; ---------------------------------------------------------------------------
seg000:6100                 push    cs
seg000:6101                 pop     es
seg000:6102                 assume es:nothing
seg000:6102                 mov     si, offset vfs_new2_grp
seg000:6105                 mov     di, 0A000h
seg000:6108                 mov     al, 2
seg000:610A                 call    word ptr cs:10Ch
seg000:610F                 mov     es, word ptr cs:0FF2Ch
seg000:6114                 assume es:nothing
seg000:6114                 mov     si, 0A000h
seg000:6117                 mov     di, 4000h
seg000:611A                 call    sub_696D
seg000:611D                 mov     ax, 1
seg000:6120                 call    word ptr cs:3020h
seg000:6125                 mov     ax, 7
seg000:6128                 call    word ptr cs:3008h
seg000:612D                 mov     es, word ptr cs:0FF2Ch
seg000:6132                 mov     di, 4000h
seg000:6135                 mov     al, 0FFh
seg000:6137                 mov     bx, 1D12h
seg000:613A                 mov     cx, 1C64h
seg000:613D                 call    word ptr cs:3004h
seg000:6142                 call    sub_6318
seg000:6145 ; ---------------------------------------------------------------------------
seg000:6145                 push    cs
seg000:6146                 pop     es
seg000:6147                 assume es:nothing
seg000:6147                 mov     si, offset vfs_sei_grp
seg000:614A                 mov     di, 0A000h
seg000:614D                 mov     al, 2
seg000:614F                 call    word ptr cs:10Ch
seg000:6154                 mov     es, word ptr cs:0FF2Ch
seg000:6159                 assume es:nothing
seg000:6159                 mov     si, 0A000h
seg000:615C                 mov     di, 4000h
seg000:615F                 call    sub_696D
seg000:6162                 mov     di, 4000h
seg000:6165                 mov     bx, 1610h
seg000:6168                 mov     cx, 2468h
seg000:616B                 mov     al, 5
seg000:616D                 call    word ptr cs:3022h
seg000:6172                 call    sub_6318
seg000:6175 ; ---------------------------------------------------------------------------
seg000:6175                 push    cs
seg000:6176                 pop     es
seg000:6177                 assume es:nothing
seg000:6177                 mov     si, offset vfs_yuup_grp
seg000:617A                 mov     di, 0A000h
seg000:617D                 mov     al, 2
seg000:617F                 call    word ptr cs:10Ch
seg000:6184                 mov     es, word ptr cs:0FF2Ch
seg000:6189                 assume es:nothing
seg000:6189                 mov     si, 0A000h
seg000:618C                 mov     di, 4000h
seg000:618F                 call    sub_696D
seg000:6192                 push    cs
seg000:6193                 pop     es
seg000:6194                 assume es:nothing
seg000:6194                 mov     si, offset vfs_seip_grp
seg000:6197                 mov     di, 0A000h
seg000:619A                 mov     al, 2
seg000:619C                 call    word ptr cs:10Ch
seg000:61A1                 mov     es, word ptr cs:0FF2Ch
seg000:61A6                 assume es:nothing
seg000:61A6                 mov     si, 0A000h
seg000:61A9                 mov     di, 8000h
seg000:61AC                 call    sub_696D
seg000:61AF                 xor     ax, ax
seg000:61B1                 call    word ptr cs:3020h
seg000:61B6                 mov     ax, 6
seg000:61B9                 call    word ptr cs:3008h
seg000:61BE                 mov     bx, 0A15h
seg000:61C1                 mov     cx, 1A5Dh
seg000:61C4                 call    word ptr cs:3024h
seg000:61C9                 mov     es, word ptr cs:0FF2Ch
seg000:61CE                 mov     di, 4000h
seg000:61D1                 mov     bx, 0B18h
seg000:61D4                 mov     cx, 1858h
seg000:61D7                 call    word ptr cs:3010h
seg000:61DC                 mov     bx, 2C15h
seg000:61DF                 mov     cx, 1A5Dh
seg000:61E2                 call    word ptr cs:3024h
seg000:61E7                 mov     es, word ptr cs:0FF2Ch
seg000:61EC                 mov     di, 8000h
seg000:61EF                 mov     bx, 2D18h
seg000:61F2                 mov     cx, 1858h
seg000:61F5                 call    word ptr cs:3010h
seg000:61FA                 call    sub_6318
seg000:61FD ; ---------------------------------------------------------------------------
seg000:61FD                 push    cs
seg000:61FE                 pop     es
seg000:61FF                 assume es:nothing
seg000:61FF                 mov     si, offset vfs_himp_grp
seg000:6202                 mov     di, 0A000h
seg000:6205                 mov     al, 2
seg000:6207                 call    word ptr cs:10Ch
seg000:620C                 mov     es, word ptr cs:0FF2Ch
seg000:6211                 assume es:nothing
seg000:6211                 mov     si, 0A000h
seg000:6214                 mov     di, 8000h
seg000:6217                 call    sub_696D
seg000:621A                 mov     es, word ptr cs:0FF2Ch
seg000:621F                 mov     di, 8000h
seg000:6222                 mov     al, 0FFh
seg000:6224                 mov     bx, 2D18h
seg000:6227                 mov     cx, 1858h
seg000:622A                 call    word ptr cs:3004h
seg000:622F                 call    sub_6318
seg000:6232 ; ---------------------------------------------------------------------------
seg000:6232                 push    cs
seg000:6233                 pop     es
seg000:6234                 assume es:nothing
seg000:6234                 mov     si, offset vfs_ne80_grp
seg000:6237                 mov     di, 0A000h
seg000:623A                 mov     al, 2
seg000:623C                 call    word ptr cs:10Ch
seg000:6241                 mov     es, word ptr cs:0FF2Ch
seg000:6246                 assume es:nothing
seg000:6246                 mov     si, 0A000h
seg000:6249                 mov     di, 4000h
seg000:624C                 call    sub_696D
seg000:624F                 push    cs
seg000:6250                 pop     es
seg000:6251                 assume es:nothing
seg000:6251                 mov     si, offset vfs_ne81_grp
seg000:6254                 mov     di, 0A000h
seg000:6257                 mov     al, 2
seg000:6259                 call    word ptr cs:10Ch
seg000:625E                 mov     es, word ptr cs:0FF2Ch
seg000:6263                 assume es:nothing
seg000:6263                 mov     si, 0A000h
seg000:6266                 mov     di, 8000h
seg000:6269                 call    sub_696D
seg000:626C                 mov     ax, 2
seg000:626F                 call    word ptr cs:3020h
seg000:6274                 mov     ax, 7
seg000:6277                 call    word ptr cs:3008h
seg000:627C                 mov     es, word ptr cs:0FF2Ch
seg000:6281                 mov     di, 4000h
seg000:6284                 mov     al, 0FFh
seg000:6286                 mov     bx, 0B12h
seg000:6289                 mov     cx, 1A64h
seg000:628C                 call    word ptr cs:3004h
seg000:6291                 mov     es, word ptr cs:0FF2Ch
seg000:6296                 mov     di, 8000h
seg000:6299                 mov     al, 0FFh
seg000:629B                 mov     bx, 3325h
seg000:629E                 mov     cx, 1251h
seg000:62A1                 call    word ptr cs:3004h
seg000:62A6                 call    sub_6318
seg000:62A9 ; ---------------------------------------------------------------------------
seg000:62A9                 mov     es, word ptr cs:0FF2Ch
seg000:62AE                 mov     di, 4000h
seg000:62B1                 xor     ax, ax
seg000:62B3                 mov     cx, 0F3Ch
seg000:62B6                 rep stosw
seg000:62B8                 mov     di, 4000h
seg000:62BB                 mov     al, 55h ; 'U'
seg000:62BD                 mov     cx, 64h ; 'd'
seg000:62C0
seg000:62C0 loc_62C0:
seg000:62C0                 push    cx
seg000:62C1                 mov     cx, 1Ah
seg000:62C4                 rep stosb
seg000:62C6                 ror     al, 1
seg000:62C8                 pop     cx
seg000:62C9                 loop    loc_62C0
seg000:62CB                 xor     al, al
seg000:62CD                 mov     di, 4000h
seg000:62D0                 mov     bx, 0B12h
seg000:62D3                 mov     cx, 1A64h
seg000:62D6                 call    word ptr cs:3004h
seg000:62DB                 call    sub_6318
seg000:62DE ; ---------------------------------------------------------------------------
seg000:62DE                 mov     al, 0FFh
seg000:62E0                 mov     bx, 0
seg000:62E3                 mov     cx, 50C8h
seg000:62E6                 call    word ptr cs:3006h
seg000:62EB                 jmp     loc_6638
seg000:62EB sub_609A        endp
seg000:62EB
seg000:62EE
seg000:62EE ; =============== S U B R O U T I N E =======================================
seg000:62EE
seg000:62EE ; Attributes: noreturn
seg000:62EE
seg000:62EE sub_62EE        proc near
seg000:62EE                 call    sub_62FF
seg000:62F1 ; ---------------------------------------------------------------------------
seg000:62F1                 cmp     cs:0FF1Ah, al
seg000:62F6                 jb      short sub_62EE
seg000:62F8                 mov     byte ptr cs:0FF1Ah, 0
seg000:62FE                 retn
seg000:62FE sub_62EE        endp
seg000:62FE
seg000:62FF
seg000:62FF ; =============== S U B R O U T I N E =======================================
seg000:62FF
seg000:62FF ; Attributes: noreturn
seg000:62FF
seg000:62FF sub_62FF        proc near
seg000:62FF                 push    si
seg000:6300                 push    ax
seg000:6301                 call    word ptr cs:110h
seg000:6306                 call    word ptr cs:112h
seg000:630B                 call    word ptr cs:116h
seg000:6310                 call    word ptr cs:118h
seg000:6315                 pop     ax
seg000:6316                 pop     si
seg000:6317                 retn
seg000:6317 sub_62FF        endp
seg000:6317
seg000:6318
seg000:6318 ; =============== S U B R O U T I N E =======================================
seg000:6318
seg000:6318 ; Attributes: noreturn
seg000:6318
seg000:6318 sub_6318        proc near
seg000:6318                 mov     byte ptr cs:0FF1Ah, 0
seg000:631E
seg000:631E loc_631E:
seg000:631E                 mov     al, 10h
seg000:6320                 call    sub_62EE
seg000:6323 ; ---------------------------------------------------------------------------
seg000:6323
seg000:6323 loc_6323:
seg000:6323                 push    cs
seg000:6324                 pop     ds
seg000:6325                 assume ds:nothing
seg000:6325                 mov     si, ds:off_6630
seg000:6329                 lodsb
seg000:632A                 mov     ds:off_6630, si
seg000:632E                 test    al, 80h
seg000:6330                 jz      short loc_6335
seg000:6332                 jmp     loc_63C4
seg000:6335 ; ---------------------------------------------------------------------------
seg000:6335
seg000:6335 loc_6335:
seg000:6335                 cmp     al, 20h ; ' '
seg000:6337                 jz      short loc_6351
seg000:6339                 cmp     al, 2Eh ; '.'
seg000:633B                 jz      short loc_6351
seg000:633D                 cmp     al, 2Ch ; ','
seg000:633F                 jz      short loc_6351
seg000:6341                 cmp     al, 22h ; '"'
seg000:6343                 jz      short loc_6351
seg000:6345                 cmp     al, 27h ; '''
seg000:6347                 jz      short loc_6351
seg000:6349                 mov     ah, ds:byte_6637
seg000:634D                 mov     ds:0FF75h, ah
seg000:6351
seg000:6351 loc_6351:
seg000:6351                 push    ax
seg000:6352                 mov     bx, ds:word_6632
seg000:6356                 add     bx, 4
seg000:6359                 mov     al, ds:byte_6634
seg000:635C                 mov     dl, 0Ah
seg000:635E                 mul     dl
seg000:6360                 add     ax, 8Fh
seg000:6363                 mov     cx, ax
seg000:6365                 pop     ax
seg000:6366                 push    bx
seg000:6367                 mov     bl, al
seg000:6369                 sub     bl, 20h ; ' '
seg000:636C                 xor     bh, bh
seg000:636E                 mov     dl, ds:byte_807D[bx]
seg000:6372                 mov     dh, bh
seg000:6374                 pop     bx
seg000:6375                 push    ax
seg000:6376                 sub     bx, dx
seg000:6378                 push    ax
seg000:6379                 push    bx
seg000:637A                 push    cx
seg000:637B                 inc     bx
seg000:637C                 inc     cx
seg000:637D                 mov     ah, ds:byte_6635
seg000:6381                 call    word ptr cs:3030h
seg000:6386                 pop     cx
seg000:6387                 pop     bx
seg000:6388                 pop     ax
seg000:6389                 mov     ah, ds:byte_6636
seg000:638D                 call    word ptr cs:3030h
seg000:6392                 pop     ax
seg000:6393                 mov     bl, al
seg000:6395                 sub     bl, 20h ; ' '
seg000:6398                 xor     bh, bh
seg000:639A                 mov     cl, ds:byte_80DD[bx]
seg000:639E                 mov     ch, bh
seg000:63A0                 add     ds:word_6632, cx
seg000:63A4                 cmp     al, 20h ; ' '
seg000:63A6                 jz      short loc_63AB
seg000:63A8                 jmp     loc_631E
seg000:63AB ; ---------------------------------------------------------------------------
seg000:63AB
seg000:63AB loc_63AB:
seg000:63AB                 mov     si, ds:off_6630
seg000:63AF                 call    sub_65F0
seg000:63B2                 mov     dx, ds:word_6632
seg000:63B6                 add     dx, cx
seg000:63B8                 cmp     dx, 138h
seg000:63BC                 jb      short loc_63C1
seg000:63BE                 jmp     loc_64AB
seg000:63C1 ; ---------------------------------------------------------------------------
seg000:63C1
seg000:63C1 loc_63C1:
seg000:63C1                 jmp     loc_631E
seg000:63C4 ; ---------------------------------------------------------------------------
seg000:63C4
seg000:63C4 loc_63C4:
seg000:63C4                 cmp     al, 0FFh
seg000:63C6                 jnz     short loc_63C9
seg000:63C8                 retn
seg000:63C9 ; ---------------------------------------------------------------------------
seg000:63C9
seg000:63C9 loc_63C9:
seg000:63C9                 cmp     al, 0FDh
seg000:63CB                 jnz     short loc_63CE
seg000:63CD                 retn
seg000:63CE ; ---------------------------------------------------------------------------
seg000:63CE
seg000:63CE loc_63CE:
seg000:63CE                 mov     ah, al
seg000:63D0                 and     ah, 0F0h
seg000:63D3                 cmp     ah, 80h
seg000:63D6                 jnz     short loc_63DB
seg000:63D8                 jmp     loc_6568
seg000:63DB ; ---------------------------------------------------------------------------
seg000:63DB
seg000:63DB loc_63DB:
seg000:63DB                 cmp     ah, 90h
seg000:63DE                 jnz     short loc_63E3
seg000:63E0                 jmp     loc_64E3
seg000:63E3 ; ---------------------------------------------------------------------------
seg000:63E3
seg000:63E3 loc_63E3:
seg000:63E3                 cmp     ah, 0A0h
seg000:63E6                 jnz     short loc_63EB
seg000:63E8                 jmp     loc_6530
seg000:63EB ; ---------------------------------------------------------------------------
seg000:63EB
seg000:63EB loc_63EB:
seg000:63EB                 cmp     ah, 0B0h
seg000:63EE                 jnz     short loc_63F3
seg000:63F0                 jmp     loc_658C
seg000:63F3 ; ---------------------------------------------------------------------------
seg000:63F3
seg000:63F3 loc_63F3:
seg000:63F3                 cmp     ah, 0C0h
seg000:63F6                 jnz     short loc_63FB
seg000:63F8                 jmp     loc_65D5
seg000:63FB ; ---------------------------------------------------------------------------
seg000:63FB
seg000:63FB loc_63FB:
seg000:63FB                 mov     bx, 701h
seg000:63FE                 cmp     al, 0FBh
seg000:6400                 jnz     short loc_6405
seg000:6402                 jmp     loc_6493
seg000:6405 ; ---------------------------------------------------------------------------
seg000:6405
seg000:6405 loc_6405:
seg000:6405                 mov     bx, 700h
seg000:6408                 cmp     al, 0FAh
seg000:640A                 jnz     short loc_640F
seg000:640C                 jmp     loc_6493
seg000:640F ; ---------------------------------------------------------------------------
seg000:640F
seg000:640F loc_640F:
seg000:640F                 mov     bx, 602h
seg000:6412                 cmp     al, 0F9h
seg000:6414                 jz      short loc_6493
seg000:6416                 cmp     al, 0F5h
seg000:6418                 jnz     short loc_641D
seg000:641A                 jmp     loc_64C9
seg000:641D ; ---------------------------------------------------------------------------
seg000:641D
seg000:641D loc_641D:
seg000:641D                 cmp     al, 0F6h
seg000:641F                 jnz     short loc_6424
seg000:6421                 jmp     loc_64D1
seg000:6424 ; ---------------------------------------------------------------------------
seg000:6424
seg000:6424 loc_6424:
seg000:6424                 xor     ah, ah
seg000:6426                 cmp     al, 0F7h
seg000:6428                 jz      short loc_649E
seg000:642A                 inc     ah
seg000:642C                 cmp     al, 0F3h
seg000:642E                 jz      short loc_649E
seg000:6430                 inc     ah
seg000:6432                 cmp     al, 0F2h
seg000:6434                 jz      short loc_649E
seg000:6436                 inc     ah
seg000:6438                 cmp     al, 0F1h
seg000:643A                 jz      short loc_649E
seg000:643C                 cmp     al, 0FEh
seg000:643E                 jz      short loc_64B8
seg000:6440                 mov     ah, ds:byte_6637
seg000:6444                 mov     ds:byte_6637, 0
seg000:6449                 cmp     al, 0F0h
seg000:644B                 jnz     short loc_6450
seg000:644D                 jmp     loc_631E
seg000:6450 ; ---------------------------------------------------------------------------
seg000:6450
seg000:6450 loc_6450:
seg000:6450                 mov     ds:byte_6637, 3Dh ; '='
seg000:6455                 cmp     al, 0EFh
seg000:6457                 jnz     short loc_645C
seg000:6459                 jmp     loc_631E
seg000:645C ; ---------------------------------------------------------------------------
seg000:645C
seg000:645C loc_645C:
seg000:645C                 mov     ds:byte_6637, 3Eh ; '>'
seg000:6461                 cmp     al, 0EEh
seg000:6463                 jnz     short loc_6468
seg000:6465                 jmp     loc_631E
seg000:6468 ; ---------------------------------------------------------------------------
seg000:6468
seg000:6468 loc_6468:
seg000:6468                 mov     ds:byte_6637, 3Fh ; '?'
seg000:646D                 cmp     al, 0EDh
seg000:646F                 jnz     short loc_6474
seg000:6471                 jmp     loc_631E
seg000:6474 ; ---------------------------------------------------------------------------
seg000:6474
seg000:6474 loc_6474:
seg000:6474                 mov     ds:byte_6637, 40h ; '@'
seg000:6479                 cmp     al, 0ECh
seg000:647B                 jnz     short loc_6480
seg000:647D                 jmp     loc_631E
seg000:6480 ; ---------------------------------------------------------------------------
seg000:6480
seg000:6480 loc_6480:
seg000:6480                 mov     ds:byte_6637, 41h ; 'A'
seg000:6485                 cmp     al, 0EBh
seg000:6487                 jnz     short loc_648C
seg000:6489                 jmp     loc_631E
seg000:648C ; ---------------------------------------------------------------------------
seg000:648C
seg000:648C loc_648C:
seg000:648C                 mov     ds:byte_6637, ah
seg000:6490                 jmp     loc_631E
seg000:6493 ; ---------------------------------------------------------------------------
seg000:6493
seg000:6493 loc_6493:
seg000:6493                 mov     ds:byte_6635, bl
seg000:6497                 mov     ds:byte_6636, bh
seg000:649B                 jmp     loc_631E
seg000:649E ; ---------------------------------------------------------------------------
seg000:649E
seg000:649E loc_649E:
seg000:649E                 mov     ds:word_6632, 0
seg000:64A4                 mov     ds:byte_6634, ah
seg000:64A8                 jmp     loc_631E
seg000:64AB ; ---------------------------------------------------------------------------
seg000:64AB
seg000:64AB loc_64AB:
seg000:64AB                 mov     ds:word_6632, 0
seg000:64B1                 inc     ds:byte_6634
seg000:64B5                 jmp     loc_631E
seg000:64B8 ; ---------------------------------------------------------------------------
seg000:64B8
seg000:64B8 loc_64B8:
seg000:64B8                 mov     bx, 8Fh
seg000:64BB                 mov     cx, 5039h
seg000:64BE                 xor     al, al
seg000:64C0                 call    word ptr cs:2000h
seg000:64C5                 xor     ah, ah
seg000:64C7                 jmp     short loc_649E
seg000:64C9 ; ---------------------------------------------------------------------------
seg000:64C9
seg000:64C9 loc_64C9:
seg000:64C9                 mov     al, 0F0h
seg000:64CB                 call    sub_62EE
seg000:64CE ; ---------------------------------------------------------------------------
seg000:64CE                 jmp     loc_631E
seg000:64D1 ; ---------------------------------------------------------------------------
seg000:64D1
seg000:64D1 loc_64D1:
seg000:64D1                 mov     al, 0F0h
seg000:64D3                 call    sub_62EE
seg000:64D6 ; ---------------------------------------------------------------------------
seg000:64D6                 mov     al, 0F0h
seg000:64D8                 call    sub_62EE
seg000:64DB ; ---------------------------------------------------------------------------
seg000:64DB                 mov     al, 0F0h
seg000:64DD                 call    sub_62EE
seg000:64E0 ; ---------------------------------------------------------------------------
seg000:64E0                 jmp     loc_631E
seg000:64E3 ; ---------------------------------------------------------------------------
seg000:64E3
seg000:64E3 loc_64E3:
seg000:64E3                 mov     es, word ptr cs:0FF2Ch
seg000:64E8                 and     al, 0Fh
seg000:64EA                 cmp     al, 6
seg000:64EC                 jnb     short loc_650F
seg000:64EE                 mov     ah, 27
seg000:64F0                 mul     ah
seg000:64F2                 add     ax, ax
seg000:64F4                 add     ax, ax
seg000:64F6                 add     ax, ax
seg000:64F8                 add     ax, ax
seg000:64FA                 add     ax, ax
seg000:64FC                 add     ax, 58C0h
seg000:64FF                 mov     di, ax
seg000:6501                 mov     bx, 1350h
seg000:6504                 mov     cx, 920h
seg000:6507                 call    word ptr cs:3010h
seg000:650C                 jmp     loc_6323
seg000:650F ; ---------------------------------------------------------------------------
seg000:650F
seg000:650F loc_650F:
seg000:650F                 sub     al, 6
seg000:6511                 mov     ah, 21h ; '!'
seg000:6513                 mul     ah
seg000:6515                 add     ax, ax
seg000:6517                 add     ax, ax
seg000:6519                 add     ax, ax
seg000:651B                 add     ax, ax
seg000:651D                 add     ax, 6D00h
seg000:6520                 mov     di, ax
seg000:6522                 mov     bx, 1238h
seg000:6525                 mov     cx, 0B10h
seg000:6528                 call    word ptr cs:3010h
seg000:652D                 jmp     loc_6323
seg000:6530 ; ---------------------------------------------------------------------------
seg000:6530
seg000:6530 loc_6530:
seg000:6530                 push    cs
seg000:6531                 pop     es
seg000:6532                 assume es:nothing
seg000:6532                 and     al, 0Fh
seg000:6534                 cmp     al, 3
seg000:6536                 jnb     short loc_654F
seg000:6538                 mov     ah, 0A5h
seg000:653A                 mul     ah
seg000:653C                 add     ax, 7437h
seg000:653F                 mov     di, ax
seg000:6541                 mov     bx, 3548h
seg000:6544                 mov     cx, 50Bh
seg000:6547                 call    word ptr cs:3010h
seg000:654C                 jmp     loc_6323
seg000:654F ; ---------------------------------------------------------------------------
seg000:654F
seg000:654F loc_654F:
seg000:654F                 sub     al, 3
seg000:6551                 mov     ah, 0A8h
seg000:6553                 mul     ah
seg000:6555                 add     ax, 7626h
seg000:6558                 mov     di, ax
seg000:655A                 mov     bx, 343Eh
seg000:655D                 mov     cx, 708h
seg000:6560                 call    word ptr cs:3010h
seg000:6565                 jmp     loc_6323
seg000:6568 ; ---------------------------------------------------------------------------
seg000:6568
seg000:6568 loc_6568:
seg000:6568                 mov     es, word ptr cs:0FF2Ch
seg000:656D                 assume es:nothing
seg000:656D                 and     al, 0Fh
seg000:656F                 mov     ah, 3Fh ; '?'
seg000:6571                 mul     ah
seg000:6573                 add     ax, ax
seg000:6575                 add     ax, ax
seg000:6577                 add     ax, ax
seg000:6579                 add     ax, 98C0h
seg000:657C                 mov     di, ax
seg000:657E                 mov     bx, 3850h
seg000:6581                 mov     cx, 718h
seg000:6584                 call    word ptr cs:3010h
seg000:6589                 jmp     loc_6323
seg000:658C ; ---------------------------------------------------------------------------
seg000:658C
seg000:658C loc_658C:
seg000:658C                 mov     es, word ptr cs:0FF2Ch
seg000:6591                 and     al, 0Fh
seg000:6593                 cmp     al, 6
seg000:6595                 jnb     short loc_65B4
seg000:6597                 mov     ah, 51h ; 'Q'
seg000:6599                 mul     ah
seg000:659B                 add     ax, ax
seg000:659D                 add     ax, ax
seg000:659F                 add     ax, ax
seg000:65A1                 add     ax, 98C0h
seg000:65A4                 mov     di, ax
seg000:65A6                 mov     bx, 3450h
seg000:65A9                 mov     cx, 918h
seg000:65AC                 call    word ptr cs:3010h
seg000:65B1                 jmp     loc_6323
seg000:65B4 ; ---------------------------------------------------------------------------
seg000:65B4
seg000:65B4 loc_65B4:
seg000:65B4                 sub     al, 6
seg000:65B6                 mov     ah, 2Dh ; '-'
seg000:65B8                 mul     ah
seg000:65BA                 add     ax, ax
seg000:65BC                 add     ax, ax
seg000:65BE                 add     ax, ax
seg000:65C0                 add     ax, ax
seg000:65C2                 add     ax, 0A7F0h
seg000:65C5                 mov     di, ax
seg000:65C7                 mov     bx, 3338h
seg000:65CA                 mov     cx, 0A18h
seg000:65CD                 call    word ptr cs:3010h
seg000:65D2                 jmp     loc_6323
seg000:65D5 ; ---------------------------------------------------------------------------
seg000:65D5
seg000:65D5 loc_65D5:
seg000:65D5                 and     al, 0Fh
seg000:65D7                 push    cs
seg000:65D8                 pop     es
seg000:65D9                 assume es:nothing
seg000:65D9                 mov     ah, 30h ; '0'
seg000:65DB                 mul     ah
seg000:65DD                 add     ax, 781Eh
seg000:65E0                 mov     di, ax
seg000:65E2                 mov     bx, 3840h
seg000:65E5                 mov     cx, 208h
seg000:65E8                 call    word ptr cs:3010h
seg000:65ED                 jmp     loc_6323
seg000:65ED sub_6318        endp
seg000:65ED
seg000:65F0
seg000:65F0 ; =============== S U B R O U T I N E =======================================
seg000:65F0
seg000:65F0
seg000:65F0 sub_65F0        proc near
seg000:65F0                 xor     cx, cx
seg000:65F2
seg000:65F2 loc_65F2:
seg000:65F2                 lodsb
seg000:65F3                 cmp     al, 20h ; ' '
seg000:65F5                 jnz     short loc_65F8
seg000:65F7                 retn
seg000:65F8 ; ---------------------------------------------------------------------------
seg000:65F8
seg000:65F8 loc_65F8:
seg000:65F8                 cmp     al, 0FFh
seg000:65FA                 jnz     short loc_65FD
seg000:65FC                 retn
seg000:65FD ; ---------------------------------------------------------------------------
seg000:65FD
seg000:65FD loc_65FD:
seg000:65FD                 cmp     al, 0FEh
seg000:65FF                 jnz     short loc_6602
seg000:6601                 retn
seg000:6602 ; ---------------------------------------------------------------------------
seg000:6602
seg000:6602 loc_6602:
seg000:6602                 cmp     al, 0FDh
seg000:6604                 jnz     short loc_6607
seg000:6606                 retn
seg000:6607 ; ---------------------------------------------------------------------------
seg000:6607
seg000:6607 loc_6607:
seg000:6607                 cmp     al, 0F7h
seg000:6609                 jnz     short loc_660C
seg000:660B                 retn
seg000:660C ; ---------------------------------------------------------------------------
seg000:660C
seg000:660C loc_660C:
seg000:660C                 cmp     al, 0F3h
seg000:660E                 jnz     short loc_6611
seg000:6610                 retn
seg000:6611 ; ---------------------------------------------------------------------------
seg000:6611
seg000:6611 loc_6611:
seg000:6611                 cmp     al, 0F2h
seg000:6613                 jnz     short loc_6616
seg000:6615                 retn
seg000:6616 ; ---------------------------------------------------------------------------
seg000:6616
seg000:6616 loc_6616:
seg000:6616                 cmp     al, 0F1h
seg000:6618                 jnz     short loc_661B
seg000:661A                 retn
seg000:661B ; ---------------------------------------------------------------------------
seg000:661B
seg000:661B loc_661B:
seg000:661B                 or      al, al
seg000:661D                 js      short loc_65F2
seg000:661F                 sub     al, 20h ; ' '
seg000:6621                 jb      short loc_65F2
seg000:6623                 mov     bl, al
seg000:6625                 xor     bh, bh
seg000:6627                 add     cl, cs:[bx-7F23h]
seg000:662C                 adc     ch, bh
seg000:662E                 jmp     short loc_65F2
seg000:662E sub_65F0        endp
seg000:662E
seg000:662E ; ---------------------------------------------------------------------------
seg000:6630 off_6630        dw offset unk_6AA8
seg000:6632 word_6632       dw 0
seg000:6634 byte_6634       db 0
seg000:6635 byte_6635       db 0
seg000:6636 byte_6636       db 0
seg000:6637 byte_6637       db 0
seg000:6638 ; ---------------------------------------------------------------------------
seg000:6638 ; START OF FUNCTION CHUNK FOR sub_609A
seg000:6638
seg000:6638 loc_6638:
seg000:6638                 cli
seg000:6639                 mov     sp, 2000h
seg000:663C                 sti
seg000:663D                 mov     ds:byte_6965+7, 0
seg000:6642                 mov     si, offset vfs_zend_msd
seg000:6645                 mov     es, word ptr cs:0FF2Ch
seg000:664A                 assume es:nothing
seg000:664A                 mov     di, 3000h
seg000:664D                 mov     al, 5
seg000:664F                 call    word ptr cs:10Ch
seg000:6654                 mov     ax, cs
seg000:6656                 add     ax, 2000h
seg000:6659                 mov     es, ax
seg000:665B                 assume es:nothing
seg000:665B                 mov     si, offset vfs_end5_grp
seg000:665E                 mov     di, 0
seg000:6661                 mov     al, 2
seg000:6663                 call    word ptr cs:10Ch
seg000:6668                 mov     si, offset vfs_end4_grp
seg000:666B                 mov     di, 3400h
seg000:666E                 mov     al, 2
seg000:6670                 call    word ptr cs:10Ch
seg000:6675                 mov     si, offset vfs_end6_grp
seg000:6678                 mov     di, 5E00h
seg000:667B                 mov     al, 2
seg000:667D                 call    word ptr cs:10Ch
seg000:6682                 mov     si, offset vfs_end7_grp
seg000:6685                 mov     di, 8A00h
seg000:6688                 mov     al, 2
seg000:668A                 call    word ptr cs:10Ch
seg000:668F                 mov     si, offset vfs_en72_grp
seg000:6692                 mov     di, 0B800h
seg000:6695                 mov     al, 2
seg000:6697                 call    word ptr cs:10Ch
seg000:669C                 mov     si, offset vfs_fin_grp
seg000:669F                 mov     di, 0E200h
seg000:66A2                 mov     al, 2
seg000:66A4                 call    word ptr cs:10Ch
seg000:66A9                 mov     ax, 7
seg000:66AC                 call    word ptr cs:3008h
seg000:66B1                 push    ds
seg000:66B2                 mov     ds, word ptr cs:0FF2Ch
seg000:66B7                 assume ds:seg000
seg000:66B7                 mov     si, 3000h
seg000:66BA                 xor     ax, ax
seg000:66BC                 int     60h             ; SYS_PROF.EXE - PROFILER STATUS
seg000:66BC                                         ; Return: AX = 0000h    profiling is off
seg000:66BC                                         ; otherwise profiling is on
seg000:66BE                 pop     ds
seg000:66BF                 mov     word ptr byte_6965, 787Eh
seg000:66C5                 call    sub_66CD
seg000:66C8
seg000:66C8 loc_66C8:
seg000:66C8                 call    sub_6956
seg000:66CB ; ---------------------------------------------------------------------------
seg000:66CB                 jmp     short loc_66C8
seg000:66CB ; END OF FUNCTION CHUNK FOR sub_609A
seg000:66CD
seg000:66CD ; =============== S U B R O U T I N E =======================================
seg000:66CD
seg000:66CD
seg000:66CD sub_66CD        proc near
seg000:66CD
seg000:66CD ; FUNCTION CHUNK AT seg000:6802 SIZE 0000001E BYTES
seg000:66CD
seg000:66CD                 mov     byte ptr ds:0FF1Ah, 0
seg000:66D2
seg000:66D2 loc_66D2:
seg000:66D2                 mov     si, word ptr byte_6965
seg000:66D6                 lodsb
seg000:66D7                 mov     word ptr byte_6965, si
seg000:66DB                 cmp     al, 0F7h
seg000:66DD                 jz      short loc_6756
seg000:66DF                 cmp     al, 0F8h
seg000:66E1                 jnz     short loc_66E6
seg000:66E3                 jmp     loc_676E
seg000:66E6 ; ---------------------------------------------------------------------------
seg000:66E6
seg000:66E6 loc_66E6:
seg000:66E6                 cmp     al, 0F9h
seg000:66E8                 jnz     short loc_66ED
seg000:66EA                 jmp     loc_6779
seg000:66ED ; ---------------------------------------------------------------------------
seg000:66ED
seg000:66ED loc_66ED:
seg000:66ED                 cmp     al, 0FAh
seg000:66EF                 jnz     short loc_66F4
seg000:66F1                 jmp     loc_6793
seg000:66F4 ; ---------------------------------------------------------------------------
seg000:66F4
seg000:66F4 loc_66F4:
seg000:66F4                 cmp     al, 0FBh
seg000:66F6                 jnz     short loc_66FB
seg000:66F8                 jmp     loc_679E
seg000:66FB ; ---------------------------------------------------------------------------
seg000:66FB
seg000:66FB loc_66FB:
seg000:66FB                 cmp     al, 0FCh
seg000:66FD                 jnz     short loc_6702
seg000:66FF                 jmp     loc_67AD
seg000:6702 ; ---------------------------------------------------------------------------
seg000:6702
seg000:6702 loc_6702:
seg000:6702                 cmp     al, 0FDh
seg000:6704                 jnz     short loc_6709
seg000:6706                 jmp     loc_67C7
seg000:6709 ; ---------------------------------------------------------------------------
seg000:6709
seg000:6709 loc_6709:
seg000:6709                 cmp     al, 0FEh
seg000:670B                 jnz     short loc_6710
seg000:670D                 jmp     loc_6808
seg000:6710 ; ---------------------------------------------------------------------------
seg000:6710
seg000:6710 loc_6710:
seg000:6710                 cmp     al, 0FFh
seg000:6712                 jnz     short loc_6717
seg000:6714                 jmp     loc_6802
seg000:6717 ; ---------------------------------------------------------------------------
seg000:6717
seg000:6717 loc_6717:
seg000:6717                 cmp     al, 9
seg000:6719                 jnz     short loc_671E
seg000:671B                 jmp     loc_67D8
seg000:671E ; ---------------------------------------------------------------------------
seg000:671E
seg000:671E loc_671E:
seg000:671E                 push    ax
seg000:671F                 xor     al, al
seg000:6721                 call    sub_67EA
seg000:6724                 mov     al, byte_6965+3
seg000:6727                 mov     cl, 0Eh
seg000:6729                 mul     cl
seg000:672B                 mov     cl, al
seg000:672D                 add     cl, 90h
seg000:6730                 mov     bl, byte_6965+2
seg000:6734                 xor     bh, bh
seg000:6736                 add     bx, bx
seg000:6738                 add     bx, bx
seg000:673A                 add     bx, bx
seg000:673C                 pop     ax
seg000:673D                 mov     ah, 7
seg000:673F                 call    word ptr cs:3030h
seg000:6744                 inc     byte_6965+2
seg000:6748
seg000:6748 loc_6748:
seg000:6748                 mov     al, 0FFh
seg000:674A                 call    sub_67EA
seg000:674D                 mov     al, byte_6965+6
seg000:6750                 call    sub_6945
seg000:6753 ; ---------------------------------------------------------------------------
seg000:6753                 jmp     loc_66D2
seg000:6756 ; ---------------------------------------------------------------------------
seg000:6756
seg000:6756 loc_6756:
seg000:6756                 call    sub_6956
seg000:6759 ; ---------------------------------------------------------------------------
seg000:6759                 test    byte ptr ds:0FF21h, 0FFh
seg000:675E                 jz      short loc_6756
seg000:6760                 mov     byte ptr ds:0FF21h, 0
seg000:6765                 mov     word ptr ds:0FF50h, 0
seg000:676B                 jmp     loc_66D2
seg000:676E ; ---------------------------------------------------------------------------
seg000:676E
seg000:676E loc_676E:
seg000:676E                 lodsw
seg000:676F                 mov     word ptr byte_6965, si
seg000:6773                 mov     word ptr byte_6965+4, ax
seg000:6776                 jmp     loc_66D2
seg000:6779 ; ---------------------------------------------------------------------------
seg000:6779
seg000:6779 loc_6779:
seg000:6779                 xor     al, al
seg000:677B                 call    sub_67EA
seg000:677E
seg000:677E loc_677E:
seg000:677E                 call    sub_6956
seg000:6781 ; ---------------------------------------------------------------------------
seg000:6781                 mov     ax, ds:0FF50h
seg000:6784                 cmp     ax, word ptr byte_6965+4
seg000:6788                 jb      short loc_677E
seg000:678A                 mov     word ptr ds:0FF50h, 0
seg000:6790                 jmp     loc_66D2
seg000:6793 ; ---------------------------------------------------------------------------
seg000:6793
seg000:6793 loc_6793:
seg000:6793                 lodsb
seg000:6794                 mov     word ptr byte_6965, si
seg000:6798                 mov     byte_6965+6, al
seg000:679B                 jmp     loc_66D2
seg000:679E ; ---------------------------------------------------------------------------
seg000:679E
seg000:679E loc_679E:
seg000:679E                 lodsw
seg000:679F                 mov     byte_6965+3, al
seg000:67A2                 mov     byte_6965+2, ah
seg000:67A6                 mov     word ptr byte_6965, si
seg000:67AA                 jmp     loc_66D2
seg000:67AD ; ---------------------------------------------------------------------------
seg000:67AD
seg000:67AD loc_67AD:
seg000:67AD                 mov     bx, 8Ch
seg000:67B0                 mov     cx, 503Ch
seg000:67B3                 xor     al, al
seg000:67B5                 call    word ptr cs:2000h
seg000:67BA                 mov     byte_6965+2, 0
seg000:67BF                 mov     byte_6965+3, 0
seg000:67C4                 jmp     loc_66D2
seg000:67C7 ; ---------------------------------------------------------------------------
seg000:67C7
seg000:67C7 loc_67C7:
seg000:67C7                 xor     al, al
seg000:67C9                 call    sub_67EA
seg000:67CC                 mov     byte_6965+2, 0
seg000:67D1                 inc     byte_6965+3
seg000:67D5                 jmp     loc_66D2
seg000:67D8 ; ---------------------------------------------------------------------------
seg000:67D8
seg000:67D8 loc_67D8:
seg000:67D8                 xor     al, al
seg000:67DA                 call    sub_67EA
seg000:67DD                 add     byte_6965+2, 4
seg000:67E2                 and     byte_6965+2, 0FCh
seg000:67E7                 jmp     loc_6748
seg000:67E7 sub_66CD        endp
seg000:67E7
seg000:67EA
seg000:67EA ; =============== S U B R O U T I N E =======================================
seg000:67EA
seg000:67EA
seg000:67EA sub_67EA        proc near
seg000:67EA                 push    ax
seg000:67EB                 mov     al, byte_6965+3
seg000:67EE                 mov     cl, 0Eh
seg000:67F0                 mul     cl
seg000:67F2                 add     al, 90h
seg000:67F4                 mov     ah, byte_6965+2
seg000:67F8                 add     ah, ah
seg000:67FA                 mov     bx, ax
seg000:67FC                 pop     ax
seg000:67FD                 jmp     word ptr cs:302Eh
seg000:67FD sub_67EA        endp
seg000:67FD
seg000:6802 ; ---------------------------------------------------------------------------
seg000:6802 ; START OF FUNCTION CHUNK FOR sub_66CD
seg000:6802
seg000:6802 loc_6802:
seg000:6802                 xor     al, al
seg000:6804                 call    sub_67EA
seg000:6807                 retn
seg000:6808 ; ---------------------------------------------------------------------------
seg000:6808
seg000:6808 loc_6808:
seg000:6808                 xor     al, al
seg000:680A                 call    sub_67EA
seg000:680D                 mov     bl, byte_6965+7
seg000:6811                 xor     bh, bh
seg000:6813                 add     bx, bx
seg000:6815                 call    word ptr [bx+6820h]
seg000:6819                 inc     byte_6965+7
seg000:681D                 jmp     loc_66D2
seg000:681D ; END OF FUNCTION CHUNK FOR sub_66CD
seg000:681D ; ---------------------------------------------------------------------------
seg000:6820                 dw offset sub_682E
seg000:6822                 dw offset sub_685A
seg000:6824                 dw offset sub_6891
seg000:6826                 dw offset sub_68B5
seg000:6828                 dw offset sub_68C2
seg000:682A                 dw offset sub_68CF
seg000:682C                 dw offset sub_6932
seg000:682E
seg000:682E ; =============== S U B R O U T I N E =======================================
seg000:682E
seg000:682E
seg000:682E sub_682E        proc near
seg000:682E                 push    ds
seg000:682F                 mov     ax, cs
seg000:6831                 add     ax, 2000h
seg000:6834                 mov     ds, ax
seg000:6836                 assume ds:nothing
seg000:6836                 mov     es, word ptr cs:0FF2Ch
seg000:683B                 assume es:nothing
seg000:683B                 mov     si, 0
seg000:683E                 mov     di, 4000h
seg000:6841                 call    sub_696D
seg000:6844                 pop     ds
seg000:6845                 assume ds:seg000
seg000:6845                 mov     es, word ptr cs:0FF2Ch
seg000:684A                 mov     di, 4000h
seg000:684D                 mov     al, 0FFh
seg000:684F                 mov     bx, 0B08h
seg000:6852                 mov     cx, 399Ah
seg000:6855                 jmp     word ptr cs:3004h
seg000:6855 sub_682E        endp
seg000:6855
seg000:685A
seg000:685A ; =============== S U B R O U T I N E =======================================
seg000:685A
seg000:685A
seg000:685A sub_685A        proc near
seg000:685A                 push    ds
seg000:685B                 mov     ax, cs
seg000:685D                 add     ax, 2000h
seg000:6860                 mov     ds, ax
seg000:6862                 assume ds:nothing
seg000:6862                 mov     es, word ptr cs:0FF2Ch
seg000:6867                 mov     di, 4000h
seg000:686A                 mov     si, 3400h
seg000:686D                 call    sub_696D
seg000:6870                 pop     ds
seg000:6871                 assume ds:seg000
seg000:6871                 mov     bx, 0B08h
seg000:6874                 mov     cx, 399Ah
seg000:6877                 call    word ptr cs:3006h
seg000:687C                 mov     es, word ptr cs:0FF2Ch
seg000:6881                 mov     di, 4000h
seg000:6884                 mov     al, 0FFh
seg000:6886                 mov     bx, 2114h
seg000:6889                 mov     cx, 2F72h
seg000:688C                 jmp     word ptr cs:3004h
seg000:688C sub_685A        endp
seg000:688C
seg000:6891
seg000:6891 ; =============== S U B R O U T I N E =======================================
seg000:6891
seg000:6891
seg000:6891 sub_6891        proc near
seg000:6891                 push    ds
seg000:6892                 mov     ax, cs
seg000:6894                 add     ax, 2000h
seg000:6897                 mov     ds, ax
seg000:6899                 assume ds:nothing
seg000:6899                 mov     es, word ptr cs:0FF2Ch
seg000:689E                 mov     si, 5E00h
seg000:68A1                 mov     di, 4000h
seg000:68A4                 call    sub_696D
seg000:68A7                 pop     ds
seg000:68A8                 assume ds:seg000
seg000:68A8                 mov     es, word ptr cs:0FF2Ch
seg000:68AD                 mov     di, 4000h
seg000:68B0                 jmp     word ptr cs:302Ah
seg000:68B0 sub_6891        endp
seg000:68B0
seg000:68B5
seg000:68B5 ; =============== S U B R O U T I N E =======================================
seg000:68B5
seg000:68B5
seg000:68B5 sub_68B5        proc near
seg000:68B5                 mov     es, word ptr cs:0FF2Ch
seg000:68BA                 mov     di, 4000h
seg000:68BD                 jmp     word ptr cs:302Ch
seg000:68BD sub_68B5        endp
seg000:68BD
seg000:68C2
seg000:68C2 ; =============== S U B R O U T I N E =======================================
seg000:68C2
seg000:68C2
seg000:68C2 sub_68C2        proc near
seg000:68C2                 mov     al, 0FFh
seg000:68C4                 mov     bx, 0
seg000:68C7                 mov     cx, 50C8h
seg000:68CA                 jmp     word ptr cs:3006h
seg000:68CA sub_68C2        endp
seg000:68CA
seg000:68CF
seg000:68CF ; =============== S U B R O U T I N E =======================================
seg000:68CF
seg000:68CF
seg000:68CF sub_68CF        proc near
seg000:68CF
seg000:68CF ; FUNCTION CHUNK AT seg000:6A52 SIZE 00000056 BYTES
seg000:68CF
seg000:68CF                 push    ds
seg000:68D0                 mov     ax, cs
seg000:68D2                 add     ax, 2000h
seg000:68D5                 mov     ds, ax
seg000:68D7                 assume ds:nothing
seg000:68D7                 mov     es, word ptr cs:0FF2Ch
seg000:68DC                 mov     si, 8A00h
seg000:68DF                 mov     di, 4000h
seg000:68E2                 call    sub_696D
seg000:68E5                 mov     si, 0B800h
seg000:68E8                 mov     di, 93C0h
seg000:68EB                 mov     cx, 14F0h
seg000:68EE                 rep movsw
seg000:68F0                 pop     ds
seg000:68F1                 assume ds:seg000
seg000:68F1                 mov     di, 4000h
seg000:68F4                 xor     ax, ax
seg000:68F6                 mov     cx, 28h ; '('
seg000:68F9                 rep stosw
seg000:68FB                 mov     es, word ptr cs:0FF2Ch
seg000:6900                 mov     di, 4000h
seg000:6903                 mov     al, 0FFh
seg000:6905                 mov     bx, 0
seg000:6908                 mov     cx, 5086h
seg000:690B                 call    word ptr cs:3004h
seg000:6910                 push    ds
seg000:6911                 mov     ax, cs
seg000:6913                 add     ax, 2000h
seg000:6916                 mov     ds, ax
seg000:6918                 assume ds:nothing
seg000:6918                 mov     es, word ptr cs:0FF2Ch
seg000:691D                 mov     si, 0E200h
seg000:6920                 mov     di, 0BDA0h
seg000:6923                 call    sub_6972
seg000:6926                 pop     ds
seg000:6927                 assume ds:seg000
seg000:6927                 mov     es, word ptr cs:0FF2Ch
seg000:692C                 mov     di, 0BDA0h
seg000:692F                 jmp     loc_6A52
seg000:692F sub_68CF        endp
seg000:692F
seg000:6932
seg000:6932 ; =============== S U B R O U T I N E =======================================
seg000:6932
seg000:6932
seg000:6932 sub_6932        proc near
seg000:6932                 mov     es, word ptr cs:0FF2Ch
seg000:6937                 mov     di, 4000h
seg000:693A                 mov     bx, 0
seg000:693D                 mov     cx, 5086h
seg000:6940                 jmp     word ptr cs:3010h
seg000:6940 sub_6932        endp
seg000:6940
seg000:6945
seg000:6945 ; =============== S U B R O U T I N E =======================================
seg000:6945
seg000:6945 ; Attributes: noreturn
seg000:6945
seg000:6945 sub_6945        proc near
seg000:6945                 call    sub_6956
seg000:6948 ; ---------------------------------------------------------------------------
seg000:6948                 cmp     cs:0FF1Ah, al
seg000:694D                 jb      short sub_6945
seg000:694F                 mov     byte ptr cs:0FF1Ah, 0
seg000:6955                 retn
seg000:6955 sub_6945        endp
seg000:6955
seg000:6956
seg000:6956 ; =============== S U B R O U T I N E =======================================
seg000:6956
seg000:6956 ; Attributes: noreturn
seg000:6956
seg000:6956 sub_6956        proc near
seg000:6956                 push    si
seg000:6957                 push    ax
seg000:6958                 call    word ptr cs:110h
seg000:695D                 call    word ptr cs:112h
seg000:6962                 pop     ax
seg000:6963                 pop     si
seg000:6964                 retn
seg000:6964 sub_6956        endp
seg000:6964
seg000:6964 ; ---------------------------------------------------------------------------
seg000:6965 byte_6965       db 8 dup(0)
seg000:696D
seg000:696D ; =============== S U B R O U T I N E =======================================
seg000:696D
seg000:696D
seg000:696D sub_696D        proc near
seg000:696D
seg000:696D ; FUNCTION CHUNK AT seg000:699C SIZE 00000082 BYTES
seg000:696D
seg000:696D                 call    sub_6972
seg000:6970                 jmp     short loc_699C
seg000:6970 sub_696D        endp
seg000:6970
seg000:6972
seg000:6972 ; =============== S U B R O U T I N E =======================================
seg000:6972
seg000:6972
seg000:6972 sub_6972        proc near
seg000:6972                 push    di
seg000:6973                 lodsw
seg000:6974                 mov     cx, ax
seg000:6976                 push    cx
seg000:6977                 mov     bp, si
seg000:6979                 add     si, cx
seg000:697B
seg000:697B loc_697B:
seg000:697B                 push    cx
seg000:697C                 xor     al, al
seg000:697E                 mov     cx, 8
seg000:6981
seg000:6981 loc_6981:
seg000:6981                 rol     byte ptr ds:[bp+0], 1
seg000:6985                 jb      short loc_698C
seg000:6987                 stosb
seg000:6988                 loop    loc_6981
seg000:698A                 jmp     short loc_698F
seg000:698C ; ---------------------------------------------------------------------------
seg000:698C
seg000:698C loc_698C:
seg000:698C                 movsb
seg000:698D                 loop    loc_6981
seg000:698F
seg000:698F loc_698F:
seg000:698F                 inc     bp
seg000:6990                 pop     cx
seg000:6991                 loop    loc_697B
seg000:6993                 pop     cx
seg000:6994                 add     cx, cx
seg000:6996                 add     cx, cx
seg000:6998                 add     cx, cx
seg000:699A                 pop     di
seg000:699B                 retn
seg000:699B sub_6972        endp
seg000:699B
seg000:699C ; ---------------------------------------------------------------------------
seg000:699C ; START OF FUNCTION CHUNK FOR sub_696D
seg000:699C
seg000:699C loc_699C:
seg000:699C                 xor     dh, dh
seg000:699E
seg000:699E loc_699E:
seg000:699E                 xor     al, al
seg000:69A0                 rcl     byte ptr es:[di], 1
seg000:69A3                 adc     al, al
seg000:69A5                 rcl     byte ptr es:[di], 1
seg000:69A8                 adc     al, al
seg000:69AA                 xor     dh, al
seg000:69AC                 mov     ah, dh
seg000:69AE                 xor     al, al
seg000:69B0                 rcl     byte ptr es:[di], 1
seg000:69B3                 adc     al, al
seg000:69B5                 rcl     byte ptr es:[di], 1
seg000:69B8                 adc     al, al
seg000:69BA                 xor     dh, al
seg000:69BC                 add     ah, ah
seg000:69BE                 add     ah, ah
seg000:69C0                 or      ah, dh
seg000:69C2                 xor     al, al
seg000:69C4                 rcl     byte ptr es:[di], 1
seg000:69C7                 adc     al, al
seg000:69C9                 rcl     byte ptr es:[di], 1
seg000:69CC                 adc     al, al
seg000:69CE                 xor     dh, al
seg000:69D0                 add     ah, ah
seg000:69D2                 add     ah, ah
seg000:69D4                 or      ah, dh
seg000:69D6                 xor     al, al
seg000:69D8                 rcl     byte ptr es:[di], 1
seg000:69DB                 adc     al, al
seg000:69DD                 rcl     byte ptr es:[di], 1
seg000:69E0                 adc     al, al
seg000:69E2                 xor     dh, al
seg000:69E4                 add     ah, ah
seg000:69E6                 add     ah, ah
seg000:69E8                 or      ah, dh
seg000:69EA                 mov     al, ah
seg000:69EC                 stosb
seg000:69ED                 loop    loc_699E
seg000:69EF                 retn
seg000:69F0 ; ---------------------------------------------------------------------------
seg000:69F0
seg000:69F0 loc_69F0:
seg000:69F0                 test    byte ptr [si], 40h
seg000:69F3                 jz      short loc_6A12
seg000:69F5                 lodsw
seg000:69F6                 xchg    ah, al
seg000:69F8                 mov     cx, ax
seg000:69FA                 cmp     ax, 0FFFFh
seg000:69FD                 jnz     short loc_6A00
seg000:69FF                 retn
seg000:6A00 ; ---------------------------------------------------------------------------
seg000:6A00
seg000:6A00 loc_6A00:
seg000:6A00                 and     cx, 3FFFh
seg000:6A04                 test    ax, 8000h
seg000:6A07                 jz      short loc_6A0E
seg000:6A09
seg000:6A09 loc_6A09:
seg000:6A09                 lodsb
seg000:6A0A                 rep stosb
seg000:6A0C                 jmp     short loc_69F0
seg000:6A0E ; ---------------------------------------------------------------------------
seg000:6A0E
seg000:6A0E loc_6A0E:
seg000:6A0E                 rep movsb
seg000:6A10                 jmp     short loc_69F0
seg000:6A12 ; ---------------------------------------------------------------------------
seg000:6A12
seg000:6A12 loc_6A12:
seg000:6A12                 lodsb
seg000:6A13                 mov     cl, al
seg000:6A15                 and     cx, 3Fh
seg000:6A18                 test    al, 80h
seg000:6A1A                 jz      short loc_6A0E
seg000:6A1C                 jmp     short loc_6A09
seg000:6A1C ; END OF FUNCTION CHUNK FOR sub_696D
seg000:6A1E
seg000:6A1E ; =============== S U B R O U T I N E =======================================
seg000:6A1E
seg000:6A1E
seg000:6A1E sub_6A1E        proc near
seg000:6A1E                 mov     bx, 18h
seg000:6A21                 mul     bx
seg000:6A23                 add     si, ax
seg000:6A25                 xor     ax, ax
seg000:6A27                 push    si
seg000:6A28                 mov     cx, 414h
seg000:6A2B                 rep movsw
seg000:6A2D                 mov     cx, 0Ch
seg000:6A30                 rep stosw
seg000:6A32                 pop     si
seg000:6A33                 add     si, 18D8h
seg000:6A37                 push    si
seg000:6A38                 mov     cx, 414h
seg000:6A3B                 rep movsw
seg000:6A3D                 mov     cx, 0Ch
seg000:6A40                 rep stosw
seg000:6A42                 pop     si
seg000:6A43                 add     si, 18D8h
seg000:6A47                 mov     cx, 414h
seg000:6A4A                 rep movsw
seg000:6A4C                 mov     cx, 0Ch
seg000:6A4F                 rep stosw
seg000:6A51                 retn
seg000:6A51 sub_6A1E        endp
seg000:6A51
seg000:6A52 ; ---------------------------------------------------------------------------
seg000:6A52 ; START OF FUNCTION CHUNK FOR sub_68CF
seg000:6A52
seg000:6A52 loc_6A52:
seg000:6A52                 push    ds
seg000:6A53                 push    es
seg000:6A54                 pop     ds
seg000:6A55                 push    di
seg000:6A56                 pop     si
seg000:6A57                 mov     es, word ptr cs:0FF2Ch
seg000:6A5C                 mov     di, 4CE6h
seg000:6A5F                 mov     cx, 35h ; '5'
seg000:6A62
seg000:6A62 loc_6A62:
seg000:6A62                 push    cx
seg000:6A63                 push    di
seg000:6A64                 mov     cx, 13h
seg000:6A67
seg000:6A67 loc_6A67:
seg000:6A67                 lodsw
seg000:6A68                 or      es:[di], ax
seg000:6A6B                 or      es:[di+29E0h], ax
seg000:6A70                 or      es:[di+53C0h], ax
seg000:6A75                 inc     di
seg000:6A76                 inc     di
seg000:6A77                 loop    loc_6A67
seg000:6A79                 pop     di
seg000:6A7A                 add     di, 50h ; 'P'
seg000:6A7D                 pop     cx
seg000:6A7E                 loop    loc_6A62
seg000:6A80                 mov     di, 4CE6h
seg000:6A83                 mov     cx, 35h ; '5'
seg000:6A86
seg000:6A86 loc_6A86:
seg000:6A86                 push    cx
seg000:6A87                 push    di
seg000:6A88                 mov     cx, 13h
seg000:6A8B
seg000:6A8B loc_6A8B:
seg000:6A8B                 lodsw
seg000:6A8C                 not     ax
seg000:6A8E                 and     es:[di], ax
seg000:6A91                 and     es:[di+29E0h], ax
seg000:6A96                 and     es:[di+53C0h], ax
seg000:6A9B                 inc     di
seg000:6A9C                 inc     di
seg000:6A9D                 loop    loc_6A8B
seg000:6A9F                 pop     di
seg000:6AA0                 add     di, 50h ; 'P'
seg000:6AA3                 pop     cx
seg000:6AA4                 loop    loc_6A86
seg000:6AA6                 pop     ds
seg000:6AA7                 retn
seg000:6AA7 ; END OF FUNCTION CHUNK FOR sub_68CF
seg000:6AA7 ; ---------------------------------------------------------------------------
seg000:6AA8 unk_6AA8        db 0F0h
seg000:6AA9                 db 0FAh
seg000:6AAA                 db 0F3h
seg000:6AAB aAtLongLastJash db 'At long last, Jashiin was destroyed and the nine Tears of Esmesan'
seg000:6AEC                 db 'ti were returned to their rightful place.'
seg000:6B15                 db 0F5h
seg000:6B16                 db 0F5h
seg000:6B17                 db 0F5h
seg000:6B18                 db 0FEh
seg000:6B19                 db 0F3h
seg000:6B1A aPrincessFelici db 'Princess Felicia was restored to her true form.'
seg000:6B49                 db 0F5h
seg000:6B4A                 db 0F5h
seg000:6B4B                 db 0F5h
seg000:6B4C                 db 0FBh
seg000:6B4D                 db 0FEh
seg000:6B4E                 db 0F3h
seg000:6B4F                 db 0EFh
seg000:6B50                 db  22h ; "
seg000:6B51                 db  95h
seg000:6B52                 db  59h ; Y
seg000:6B53                 db  6Fh ; o
seg000:6B54                 db  75h ; u
seg000:6B55                 db  20h
seg000:6B56                 db  90h
seg000:6B57                 db  61h ; a
seg000:6B58                 db  72h ; r
seg000:6B59                 db  65h ; e
seg000:6B5A                 db  94h
seg000:6B5B                 db  20h
seg000:6B5C                 db  90h
seg000:6B5D                 db  61h ; a
seg000:6B5E                 db  95h
seg000:6B5F                 db  73h ; s
seg000:6B60                 db  20h
seg000:6B61                 db  92h
seg000:6B62                 db  62h ; b
seg000:6B63                 db  65h ; e
seg000:6B64                 db  95h
seg000:6B65                 db  61h ; a
seg000:6B66                 db  75h ; u
seg000:6B67                 db  92h
seg000:6B68                 db  74h ; t
seg000:6B69                 db  69h ; i
seg000:6B6A                 db  95h
seg000:6B6B                 db  66h ; f
seg000:6B6C                 db  75h ; u
seg000:6B6D                 db  93h
seg000:6B6E                 db  6Ch ; l
seg000:6B6F                 db  20h
seg000:6B70                 db  90h
seg000:6B71                 db  61h ; a
seg000:6B72                 db  95h
seg000:6B73                 db  73h ; s
seg000:6B74                 db  20h
seg000:6B75                 db  90h
seg000:6B76                 db  61h ; a
seg000:6B77                 db  20h
seg000:6B78                 db  93h
seg000:6B79                 db  72h ; r
seg000:6B7A                 db  6Fh ; o
seg000:6B7B                 db  91h
seg000:6B7C                 db  73h ; s
seg000:6B7D                 db  65h ; e
seg000:6B7E                 db  20h
seg000:6B7F                 db  92h
seg000:6B80                 db  69h ; i
seg000:6B81                 db  94h
seg000:6B82                 db  6Eh ; n
seg000:6B83                 db  20h
seg000:6B84                 db  93h
seg000:6B85                 db  62h ; b
seg000:6B86                 db  95h
seg000:6B87                 db  6Ch ; l
seg000:6B88                 db  6Fh ; o
seg000:6B89                 db  6Fh ; o
seg000:6B8A                 db  94h
seg000:6B8B                 db  6Dh ; m
seg000:6B8C                 db  21h ; !
seg000:6B8D                 db  22h ; "
seg000:6B8E                 db 0F5h
seg000:6B8F                 db 0F2h
seg000:6B90                 db 0EBh
seg000:6B91                 db 0A3h
seg000:6B92                 db  22h ; "
seg000:6B93                 db 0A4h
seg000:6B94                 db 0A0h
seg000:6B95                 db  54h ; T
seg000:6B96                 db 0A5h
seg000:6B97                 db  68h ; h
seg000:6B98                 db 0A4h
seg000:6B99                 db  61h ; a
seg000:6B9A                 db 0A3h
seg000:6B9B                 db 0A2h
seg000:6B9C                 db  6Eh ; n
seg000:6B9D                 db 0A1h
seg000:6B9E                 db  6Bh ; k
seg000:6B9F                 db  20h
seg000:6BA0                 db 0A2h
seg000:6BA1                 db  79h ; y
seg000:6BA2                 db  6Fh ; o
seg000:6BA3                 db  75h ; u
seg000:6BA4                 db  2Ch ; ,
seg000:6BA5                 db  20h
seg000:6BA6                 db 0A1h
seg000:6BA7                 db 0A3h
seg000:6BA8                 db  44h ; D
seg000:6BA9                 db 0A4h
seg000:6BAA                 db  75h ; u
seg000:6BAB                 db 0A5h
seg000:6BAC                 db  6Bh ; k
seg000:6BAD                 db 0A4h
seg000:6BAE                 db  65h ; e
seg000:6BAF                 db 0A3h
seg000:6BB0                 db  20h
seg000:6BB1                 db 0A0h
seg000:6BB2                 db  47h ; G
seg000:6BB3                 db  61h ; a
seg000:6BB4                 db  72h ; r
seg000:6BB5                 db 0A1h
seg000:6BB6                 db  6Ch ; l
seg000:6BB7                 db  61h ; a
seg000:6BB8                 db 0A2h
seg000:6BB9                 db  6Eh ; n
seg000:6BBA                 db  64h ; d
seg000:6BBB                 db  2Eh ; .
seg000:6BBC                 db  22h ; "
seg000:6BBD                 db 0A1h
seg000:6BBE                 db 0F5h
seg000:6BBF                 db 0F5h
seg000:6BC0                 db 0F5h
seg000:6BC1                 db 0FEh
seg000:6BC2                 db 0F3h
seg000:6BC3                 db  22h ; "
seg000:6BC4                 db 0A1h
seg000:6BC5                 db  59h ; Y
seg000:6BC6                 db  6Fh ; o
seg000:6BC7                 db  75h ; u
seg000:6BC8                 db  20h
seg000:6BC9                 db 0A0h
seg000:6BCA                 db  68h ; h
seg000:6BCB                 db  61h ; a
seg000:6BCC                 db 0A2h
seg000:6BCD                 db  76h ; v
seg000:6BCE                 db  65h ; e
seg000:6BCF                 db  20h
seg000:6BD0                 db 0A1h
seg000:6BD1                 db  64h ; d
seg000:6BD2                 db  6Fh ; o
seg000:6BD3                 db 0A2h
seg000:6BD4                 db  6Eh ; n
seg000:6BD5                 db  65h ; e
seg000:6BD6                 db  20h
seg000:6BD7                 db 0A0h
seg000:6BD8                 db  61h ; a
seg000:6BD9                 db  20h
seg000:6BDA                 db 0A1h
seg000:6BDB                 db  67h ; g
seg000:6BDC                 db  72h ; r
seg000:6BDD                 db  65h ; e
seg000:6BDE                 db 0A0h
seg000:6BDF                 db  61h ; a
seg000:6BE0                 db  74h ; t
seg000:6BE1                 db  20h
seg000:6BE2                 db 0A1h
seg000:6BE3                 db  64h ; d
seg000:6BE4                 db  65h ; e
seg000:6BE5                 db  65h ; e
seg000:6BE6                 db  64h ; d
seg000:6BE7                 db  20h
seg000:6BE8                 db 0A2h
seg000:6BE9                 db  69h ; i
seg000:6BEA                 db  6Eh ; n
seg000:6BEB                 db  20h
seg000:6BEC                 db 0A0h
seg000:6BED                 db  64h ; d
seg000:6BEE                 db  65h ; e
seg000:6BEF                 db  66h ; f
seg000:6BF0                 db  65h ; e
seg000:6BF1                 db  61h ; a
seg000:6BF2                 db 0A1h
seg000:6BF3                 db  74h ; t
seg000:6BF4                 db 0A2h
seg000:6BF5                 db  69h ; i
seg000:6BF6                 db  6Eh ; n
seg000:6BF7                 db  67h ; g
seg000:6BF8                 db  20h
seg000:6BF9                 db 0A1h
seg000:6BFA                 db  4Ah ; J
seg000:6BFB                 db  61h ; a
seg000:6BFC                 db  73h ; s
seg000:6BFD                 db  68h ; h
seg000:6BFE                 db  69h ; i
seg000:6BFF                 db 0A2h
seg000:6C00                 db  69h ; i
seg000:6C01                 db  6Eh ; n
seg000:6C02                 db  2Eh ; .
seg000:6C03                 db 0A1h
seg000:6C04                 db  20h
seg000:6C05                 db  20h
seg000:6C06                 db 0F5h
seg000:6C07                 db 0A0h
seg000:6C08                 db 0A4h
seg000:6C09                 db  41h ; A
seg000:6C0A                 db 0A5h
seg000:6C0B                 db  6Ch ; l
seg000:6C0C                 db 0A4h
seg000:6C0D                 db 0A2h
seg000:6C0E                 db  74h ; t
seg000:6C0F                 db 0A3h
seg000:6C10                 db  68h ; h
seg000:6C11                 db  6Fh ; o
seg000:6C12                 db  75h ; u
seg000:6C13                 db 0A1h
seg000:6C14                 db  67h ; g
seg000:6C15                 db  68h ; h
seg000:6C16                 db  20h
seg000:6C17                 db 0A0h
seg000:6C18                 db  6Dh ; m
seg000:6C19                 db  79h ; y
seg000:6C1A                 db  20h
seg000:6C1B                 db 0A1h
seg000:6C1C                 db  62h ; b
seg000:6C1D                 db  6Fh ; o
seg000:6C1E                 db  64h ; d
seg000:6C1F                 db 0A1h
seg000:6C20                 db  79h ; y
seg000:6C21                 db  20h
seg000:6C22                 db 0A0h
seg000:6C23                 db  77h ; w
seg000:6C24                 db  61h ; a
seg000:6C25                 db 0A1h
seg000:6C26                 db  73h ; s
seg000:6C27                 db  20h
seg000:6C28                 db 0A1h
seg000:6C29                 db  68h ; h
seg000:6C2A                 db 0A0h
seg000:6C2B                 db  65h ; e
seg000:6C2C                 db  72h ; r
seg000:6C2D                 db  65h ; e
seg000:6C2E                 db  2Ch ; ,
seg000:6C2F                 db  20h
seg000:6C30                 db 0A4h
seg000:6C31                 db  6Dh ; m
seg000:6C32                 db 0A5h
seg000:6C33                 db 0A1h
seg000:6C34                 db  79h ; y
seg000:6C35                 db 0A4h
seg000:6C36                 db  20h
seg000:6C37                 db 0A3h
seg000:6C38                 db 0A1h
seg000:6C39                 db  73h ; s
seg000:6C3A                 db  6Fh ; o
seg000:6C3B                 db 0A2h
seg000:6C3C                 db  75h ; u
seg000:6C3D                 db  6Ch ; l
seg000:6C3E                 db  20h
seg000:6C3F                 db 0A0h
seg000:6C40                 db  77h ; w
seg000:6C41                 db  61h ; a
seg000:6C42                 db 0A2h
seg000:6C43                 db  73h ; s
seg000:6C44                 db  20h
seg000:6C45                 db 0A2h
seg000:6C46                 db  77h ; w
seg000:6C47                 db 0A1h
seg000:6C48                 db  69h ; i
seg000:6C49                 db  74h ; t
seg000:6C4A                 db  68h ; h
seg000:6C4B                 db  20h
seg000:6C4C                 db 0A0h
seg000:6C4D                 db  74h ; t
seg000:6C4E                 db  68h ; h
seg000:6C4F                 db  65h ; e
seg000:6C50                 db  20h
seg000:6C51                 db 0A1h
seg000:6C52                 db  48h ; H
seg000:6C53                 db  6Fh ; o
seg000:6C54                 db 0A2h
seg000:6C55                 db  6Ch ; l
seg000:6C56                 db  79h ; y
seg000:6C57                 db  20h
seg000:6C58                 db 0A2h
seg000:6C59                 db  53h ; S
seg000:6C5A                 db 0A1h
seg000:6C5B                 db  70h ; p
seg000:6C5C                 db  69h ; i
seg000:6C5D                 db 0A0h
seg000:6C5E                 db  72h ; r
seg000:6C5F                 db 0A2h
seg000:6C60                 db  69h ; i
seg000:6C61                 db  74h ; t
seg000:6C62                 db  2Ch ; ,
seg000:6C63                 db  20h
seg000:6C64                 db 0A0h
seg000:6C65                 db  77h ; w
seg000:6C66                 db  61h ; a
seg000:6C67                 db  74h ; t
seg000:6C68                 db 0A1h
seg000:6C69                 db  63h ; c
seg000:6C6A                 db  68h ; h
seg000:6C6B                 db 0A2h
seg000:6C6C                 db  69h ; i
seg000:6C6D                 db  6Eh ; n
seg000:6C6E                 db  67h ; g
seg000:6C6F                 db  20h
seg000:6C70                 db 0A1h
seg000:6C71                 db  79h ; y
seg000:6C72                 db  6Fh ; o
seg000:6C73                 db  75h ; u
seg000:6C74                 db  2Eh ; .
seg000:6C75                 db  22h ; "
seg000:6C76                 db 0F5h
seg000:6C77                 db 0F5h
seg000:6C78                 db 0F5h
seg000:6C79                 db 0FEh
seg000:6C7A                 db 0F3h
seg000:6C7B                 db  22h ; "
seg000:6C7C                 db 0A0h
seg000:6C7D                 db  49h ; I
seg000:6C7E                 db  20h
seg000:6C7F                 db 0A1h
seg000:6C80                 db  64h ; d
seg000:6C81                 db  6Fh ; o
seg000:6C82                 db 0A2h
seg000:6C83                 db  6Eh ; n
seg000:6C84                 db  27h ; '
seg000:6C85                 db  74h ; t
seg000:6C86                 db  20h
seg000:6C87                 db 0A1h
seg000:6C88                 db  6Bh ; k
seg000:6C89                 db 0A2h
seg000:6C8A                 db  6Eh ; n
seg000:6C8B                 db  6Fh ; o
seg000:6C8C                 db  77h ; w
seg000:6C8D                 db  20h
seg000:6C8E                 db 0A0h
seg000:6C8F                 db  68h ; h
seg000:6C90                 db  6Fh ; o
seg000:6C91                 db 0A2h
seg000:6C92                 db  77h ; w
seg000:6C93                 db  20h
seg000:6C94                 db 0A1h
seg000:6C95                 db  74h ; t
seg000:6C96                 db  6Fh ; o
seg000:6C97                 db  20h
seg000:6C98                 db 0A0h
seg000:6C99                 db  74h ; t
seg000:6C9A                 db  68h ; h
seg000:6C9B                 db  61h ; a
seg000:6C9C                 db 0A2h
seg000:6C9D                 db  6Eh ; n
seg000:6C9E                 db  6Bh ; k
seg000:6C9F                 db  20h
seg000:6CA0                 db 0A1h
seg000:6CA1                 db  79h ; y
seg000:6CA2                 db  6Fh ; o
seg000:6CA3                 db  75h ; u
seg000:6CA4                 db  20h
seg000:6CA5                 db 0A2h
seg000:6CA6                 db  66h ; f
seg000:6CA7                 db  6Fh ; o
seg000:6CA8                 db  72h ; r
seg000:6CA9                 db  20h
seg000:6CAA                 db 0A1h
seg000:6CAB                 db  72h ; r
seg000:6CAC                 db  65h ; e
seg000:6CAD                 db 0A2h
seg000:6CAE                 db  73h ; s
seg000:6CAF                 db  63h ; c
seg000:6CB0                 db  75h ; u
seg000:6CB1                 db 0A1h
seg000:6CB2                 db  69h ; i
seg000:6CB3                 db  6Eh ; n
seg000:6CB4                 db  67h ; g
seg000:6CB5                 db  20h
seg000:6CB6                 db 0A2h
seg000:6CB7                 db  6Dh ; m
seg000:6CB8                 db  65h ; e
seg000:6CB9                 db  20h
seg000:6CBA                 db 0A0h
seg000:6CBB                 db  61h ; a
seg000:6CBC                 db  6Eh ; n
seg000:6CBD                 db  64h ; d
seg000:6CBE                 db  20h
seg000:6CBF                 db 0A1h
seg000:6CC0                 db  73h ; s
seg000:6CC1                 db  61h ; a
seg000:6CC2                 db  76h ; v
seg000:6CC3                 db 0A2h
seg000:6CC4                 db  69h ; i
seg000:6CC5                 db  6Eh ; n
seg000:6CC6                 db  67h ; g
seg000:6CC7                 db  20h
seg000:6CC8                 db 0A0h
seg000:6CC9                 db  6Dh ; m
seg000:6CCA                 db  79h ; y
seg000:6CCB                 db  20h
seg000:6CCC                 db 0A1h
seg000:6CCD                 db  63h ; c
seg000:6CCE                 db  6Fh ; o
seg000:6CCF                 db 0A0h
seg000:6CD0                 db  75h ; u
seg000:6CD1                 db  6Eh ; n
seg000:6CD2                 db 0A2h
seg000:6CD3                 db  74h ; t
seg000:6CD4                 db  72h ; r
seg000:6CD5                 db  79h ; y
seg000:6CD6                 db  2Eh ; .
seg000:6CD7                 db  22h ; "
seg000:6CD8                 db 0A1h
seg000:6CD9                 db 0F5h
seg000:6CDA                 db 0F5h
seg000:6CDB                 db 0F5h
seg000:6CDC                 db 0FEh
seg000:6CDD                 db 0FDh
seg000:6CDE                 db 0F3h
seg000:6CDF aFather         db '"Father!"'
seg000:6CE8                 db 0F5h
seg000:6CE9                 db 0F5h
seg000:6CEA                 db 0F2h
seg000:6CEB                 db 0EEh
seg000:6CEC aMyDarlingFelic db '"My darling Felicia!  '
seg000:6D02                 db 0F5h
seg000:6D03 aHowIVeLongedTo db 'How I',27h,'ve longed to hold you in my arms and hear your sweet '
seg000:6D3E                 db 'voice!"'
seg000:6D45                 db 0F5h
seg000:6D46                 db 0F5h
seg000:6D47                 db 0F5h
seg000:6D48                 db 0FAh
seg000:6D49                 db 0FEh
seg000:6D4A                 db 0F3h
seg000:6D4B                 db 0F0h
seg000:6D4C aOutsideTheLand db 'Outside, the land cursed by the evil magic of Jashiin began to re'
seg000:6D8D                 db 'sume its original lushness.'
seg000:6DA8                 db 0F5h
seg000:6DA9                 db 0F5h
seg000:6DAA                 db 0F5h
seg000:6DAB                 db 0FEh
seg000:6DAC                 db 0F3h
seg000:6DAD aTheDreadfulPow db 'The dreadful power of Jashiin was washed from the earth, and the '
seg000:6DEE                 db 'land of Zeliard was peaceful once more.'
seg000:6E15                 db 0F5h
seg000:6E16                 db 0F5h
seg000:6E17                 db 0F5h
seg000:6E18                 db 0FEh
seg000:6E19                 db 0FDh
seg000:6E1A                 db 0FAh
seg000:6E1B                 db 0F3h
seg000:6E1C aTheGuardianSpi db 'The Guardian Spirit of the Holy Land of Zeliard appeared before D'
seg000:6E5D                 db 'uke Garland once again.'
seg000:6E74                 db 0F5h
seg000:6E75                 db 0F5h
seg000:6E76                 db 0F5h
seg000:6E77                 db 0FEh
seg000:6E78                 db 0F3h
seg000:6E79                 db 0FBh
seg000:6E7A                 db 0ECh
seg000:6E7B aYouHaveSuffere db '"You have suffered many hardships to defeat Jashiin, Duke Garland'
seg000:6EBC                 db '."'
seg000:6EBE                 db 0F5h
seg000:6EBF                 db 0F5h
seg000:6EC0                 db 0F5h
seg000:6EC1                 db 0FEh
seg000:6EC2                 db 0FDh
seg000:6EC3                 db 0FBh
seg000:6EC4                 db 0F3h
seg000:6EC5                 db  22h ; "
seg000:6EC6                 db  83h
seg000:6EC7                 db  59h ; Y
seg000:6EC8                 db  6Fh ; o
seg000:6EC9                 db  75h ; u
seg000:6ECA                 db  20h
seg000:6ECB                 db  81h
seg000:6ECC                 db  66h ; f
seg000:6ECD                 db  6Fh ; o
seg000:6ECE                 db  75h ; u
seg000:6ECF                 db  82h
seg000:6ED0                 db  67h ; g
seg000:6ED1                 db  68h ; h
seg000:6ED2                 db  74h ; t
seg000:6ED3                 db  20h
seg000:6ED4                 db  83h
seg000:6ED5                 db  62h ; b
seg000:6ED6                 db  81h
seg000:6ED7                 db  72h ; r
seg000:6ED8                 db  61h ; a
seg000:6ED9                 db  83h
seg000:6EDA                 db  76h ; v
seg000:6EDB                 db  65h ; e
seg000:6EDC                 db  82h
seg000:6EDD                 db  6Ch ; l
seg000:6EDE                 db  79h ; y
seg000:6EDF                 db  20h
seg000:6EE0                 db  83h
seg000:6EE1                 db  74h ; t
seg000:6EE2                 db  6Fh ; o
seg000:6EE3                 db  20h
seg000:6EE4                 db  80h
seg000:6EE5                 db  61h ; a
seg000:6EE6                 db  83h
seg000:6EE7                 db  63h ; c
seg000:6EE8                 db  63h ; c
seg000:6EE9                 db  6Fh ; o
seg000:6EEA                 db  84h
seg000:6EEB                 db  6Dh ; m
seg000:6EEC                 db  82h
seg000:6EED                 db  70h ; p
seg000:6EEE                 db  6Ch ; l
seg000:6EEF                 db  69h ; i
seg000:6EF0                 db  83h
seg000:6EF1                 db  73h ; s
seg000:6EF2                 db  68h ; h
seg000:6EF3                 db  20h
seg000:6EF4                 db  82h
seg000:6EF5                 db  74h ; t
seg000:6EF6                 db  68h ; h
seg000:6EF7                 db  69h ; i
seg000:6EF8                 db  83h
seg000:6EF9                 db  73h ; s
seg000:6EFA                 db  20h
seg000:6EFB                 db  83h
seg000:6EFC                 db  71h ; q
seg000:6EFD                 db  75h ; u
seg000:6EFE                 db  81h
seg000:6EFF                 db  65h ; e
seg000:6F00                 db  83h
seg000:6F01                 db  73h ; s
seg000:6F02                 db  74h ; t
seg000:6F03                 db  2Eh ; .
seg000:6F04                 db  20h
seg000:6F05                 db  20h
seg000:6F06                 db 0F5h
seg000:6F07                 db  80h
seg000:6F08                 db  42h ; B
seg000:6F09                 db  75h ; u
seg000:6F0A                 db  83h
seg000:6F0B                 db  74h ; t
seg000:6F0C                 db  20h
seg000:6F0D                 db  82h
seg000:6F0E                 db  74h ; t
seg000:6F0F                 db  68h ; h
seg000:6F10                 db  69h ; i
seg000:6F11                 db  83h
seg000:6F12                 db  73h ; s
seg000:6F13                 db  20h
seg000:6F14                 db  80h
seg000:6F15                 db  77h ; w
seg000:6F16                 db  61h ; a
seg000:6F17                 db  83h
seg000:6F18                 db  73h ; s
seg000:6F19                 db  20h
seg000:6F1A                 db  6Fh ; o
seg000:6F1B                 db  84h
seg000:6F1C                 db  6Eh ; n
seg000:6F1D                 db  82h
seg000:6F1E                 db  6Ch ; l
seg000:6F1F                 db  79h ; y
seg000:6F20                 db  20h
seg000:6F21                 db  81h
seg000:6F22                 db  74h ; t
seg000:6F23                 db  68h ; h
seg000:6F24                 db  65h ; e
seg000:6F25                 db  20h
seg000:6F26                 db  82h
seg000:6F27                 db  62h ; b
seg000:6F28                 db  65h ; e
seg000:6F29                 db  67h ; g
seg000:6F2A                 db  69h ; i
seg000:6F2B                 db  6Eh ; n
seg000:6F2C                 db  84h
seg000:6F2D                 db  6Eh ; n
seg000:6F2E                 db  69h ; i
seg000:6F2F                 db  6Eh ; n
seg000:6F30                 db  83h
seg000:6F31                 db  67h ; g
seg000:6F32                 db  2Eh ; .
seg000:6F33                 db  20h
seg000:6F34                 db  20h
seg000:6F35                 db  84h
seg000:6F36                 db 0F5h
seg000:6F37                 db  83h
seg000:6F38                 db  59h ; Y
seg000:6F39                 db  6Fh ; o
seg000:6F3A                 db  75h ; u
seg000:6F3B                 db  80h
seg000:6F3C                 db  72h ; r
seg000:6F3D                 db  20h
seg000:6F3E                 db  81h
seg000:6F3F                 db  6Eh ; n
seg000:6F40                 db  65h ; e
seg000:6F41                 db  83h
seg000:6F42                 db  78h ; x
seg000:6F43                 db  74h ; t
seg000:6F44                 db  20h
seg000:6F45                 db  82h
seg000:6F46                 db  6Dh ; m
seg000:6F47                 db  69h ; i
seg000:6F48                 db  83h
seg000:6F49                 db  73h ; s
seg000:6F4A                 db  73h ; s
seg000:6F4B                 db  82h
seg000:6F4C                 db  69h ; i
seg000:6F4D                 db  6Fh ; o
seg000:6F4E                 db  84h
seg000:6F4F                 db  6Eh ; n
seg000:6F50                 db  20h
seg000:6F51                 db  80h
seg000:6F52                 db  61h ; a
seg000:6F53                 db  77h ; w
seg000:6F54                 db  61h ; a
seg000:6F55                 db  82h
seg000:6F56                 db  69h ; i
seg000:6F57                 db  83h
seg000:6F58                 db  74h ; t
seg000:6F59                 db  73h ; s
seg000:6F5A                 db  20h
seg000:6F5B                 db  83h
seg000:6F5C                 db  79h ; y
seg000:6F5D                 db  6Fh ; o
seg000:6F5E                 db  75h ; u
seg000:6F5F                 db  20h
seg000:6F60                 db  82h
seg000:6F61                 db  69h ; i
seg000:6F62                 db  84h
seg000:6F63                 db  6Eh ; n
seg000:6F64                 db  20h
seg000:6F65                 db  80h
seg000:6F66                 db  61h ; a
seg000:6F67                 db  20h
seg000:6F68                 db  82h
seg000:6F69                 db  6Eh ; n
seg000:6F6A                 db  65h ; e
seg000:6F6B                 db  83h
seg000:6F6C                 db  77h ; w
seg000:6F6D                 db  20h
seg000:6F6E                 db  80h
seg000:6F6F                 db  6Ch ; l
seg000:6F70                 db  61h ; a
seg000:6F71                 db  84h
seg000:6F72                 db  6Eh ; n
seg000:6F73                 db  64h ; d
seg000:6F74                 db  2Eh ; .
seg000:6F75                 db  22h ; "
seg000:6F76                 db 0F5h
seg000:6F77                 db 0F5h
seg000:6F78                 db 0F5h
seg000:6F79                 db 0FEh
seg000:6F7A                 db 0F7h
seg000:6F7B                 db 0EFh
seg000:6F7C                 db  22h ; "
seg000:6F7D                 db  90h
seg000:6F7E                 db  4Dh ; M
seg000:6F7F                 db  92h
seg000:6F80                 db  79h ; y
seg000:6F81                 db  20h
seg000:6F82                 db  91h
seg000:6F83                 db  6Eh ; n
seg000:6F84                 db  65h ; e
seg000:6F85                 db  93h
seg000:6F86                 db  78h ; x
seg000:6F87                 db  74h ; t
seg000:6F88                 db  20h
seg000:6F89                 db  92h
seg000:6F8A                 db  6Dh ; m
seg000:6F8B                 db  69h ; i
seg000:6F8C                 db  93h
seg000:6F8D                 db  73h ; s
seg000:6F8E                 db  73h ; s
seg000:6F8F                 db  69h ; i
seg000:6F90                 db  6Fh ; o
seg000:6F91                 db  94h
seg000:6F92                 db  6Eh ; n
seg000:6F93                 db  3Fh ; ?
seg000:6F94                 db  22h ; "
seg000:6F95                 db  97h
seg000:6F96                 db  20h
seg000:6F97                 db  98h
seg000:6F98                 db  20h
seg000:6F99                 db  97h
seg000:6F9A                 db  20h
seg000:6F9B                 db  96h
seg000:6F9C                 db 0F5h
seg000:6F9D                 db 0F3h
seg000:6F9E                 db 0ECh
seg000:6F9F                 db  22h ; "
seg000:6FA0                 db  81h
seg000:6FA1                 db  54h ; T
seg000:6FA2                 db  68h ; h
seg000:6FA3                 db  65h ; e
seg000:6FA4                 db  80h
seg000:6FA5                 db  72h ; r
seg000:6FA6                 db  65h ; e
seg000:6FA7                 db  20h
seg000:6FA8                 db  80h
seg000:6FA9                 db  61h ; a
seg000:6FAA                 db  72h ; r
seg000:6FAB                 db  65h ; e
seg000:6FAC                 db  20h
seg000:6FAD                 db  81h
seg000:6FAE                 db  6Dh ; m
seg000:6FAF                 db  61h ; a
seg000:6FB0                 db  84h
seg000:6FB1                 db  6Eh ; n
seg000:6FB2                 db  79h ; y
seg000:6FB3                 db  20h
seg000:6FB4                 db  83h
seg000:6FB5                 db  77h ; w
seg000:6FB6                 db  68h ; h
seg000:6FB7                 db  6Fh ; o
seg000:6FB8                 db  20h
seg000:6FB9                 db  81h
seg000:6FBA                 db  68h ; h
seg000:6FBB                 db  61h ; a
seg000:6FBC                 db  83h
seg000:6FBD                 db  76h ; v
seg000:6FBE                 db  65h ; e
seg000:6FBF                 db  20h
seg000:6FC0                 db  82h
seg000:6FC1                 db  6Eh ; n
seg000:6FC2                 db  65h ; e
seg000:6FC3                 db  65h ; e
seg000:6FC4                 db  83h
seg000:6FC5                 db  64h ; d
seg000:6FC6                 db  20h
seg000:6FC7                 db  6Fh ; o
seg000:6FC8                 db  66h ; f
seg000:6FC9                 db  84h
seg000:6FCA                 db  20h
seg000:6FCB                 db  83h
seg000:6FCC                 db  79h ; y
seg000:6FCD                 db  6Fh ; o
seg000:6FCE                 db  80h
seg000:6FCF                 db  75h ; u
seg000:6FD0                 db  72h ; r
seg000:6FD1                 db  20h
seg000:6FD2                 db  83h
seg000:6FD3                 db  73h ; s
seg000:6FD4                 db  81h
seg000:6FD5                 db  70h ; p
seg000:6FD6                 db  65h ; e
seg000:6FD7                 db  82h
seg000:6FD8                 db  63h ; c
seg000:6FD9                 db  69h ; i
seg000:6FDA                 db  80h
seg000:6FDB                 db  61h ; a
seg000:6FDC                 db  83h
seg000:6FDD                 db  6Ch ; l
seg000:6FDE                 db  20h
seg000:6FDF                 db  80h
seg000:6FE0                 db  74h ; t
seg000:6FE1                 db  61h ; a
seg000:6FE2                 db  81h
seg000:6FE3                 db  6Ch ; l
seg000:6FE4                 db  65h ; e
seg000:6FE5                 db  84h
seg000:6FE6                 db  6Eh ; n
seg000:6FE7                 db  82h
seg000:6FE8                 db  74h ; t
seg000:6FE9                 db  73h ; s
seg000:6FEA                 db  2Eh ; .
seg000:6FEB                 db  20h
seg000:6FEC                 db  20h
seg000:6FED                 db  84h
seg000:6FEE                 db 0F5h
seg000:6FEF                 db  83h
seg000:6FF0                 db  46h ; F
seg000:6FF1                 db  6Fh ; o
seg000:6FF2                 db  6Ch ; l
seg000:6FF3                 db  6Ch ; l
seg000:6FF4                 db  6Fh ; o
seg000:6FF5                 db  77h ; w
seg000:6FF6                 db  20h
seg000:6FF7                 db  82h
seg000:6FF8                 db  6Dh ; m
seg000:6FF9                 db  65h ; e
seg000:6FFA                 db  20h
seg000:6FFB                 db  80h
seg000:6FFC                 db  61h ; a
seg000:6FFD                 db  84h
seg000:6FFE                 db  6Eh ; n
seg000:6FFF                 db  64h ; d
seg000:7000                 db  20h
seg000:7001                 db  80h
seg000:7002                 db  49h ; I
seg000:7003                 db  20h
seg000:7004                 db  83h
seg000:7005                 db  77h ; w
seg000:7006                 db  82h
seg000:7007                 db  69h ; i
seg000:7008                 db  6Ch ; l
seg000:7009                 db  6Ch ; l
seg000:700A                 db  20h
seg000:700B                 db  83h
seg000:700C                 db  73h ; s
seg000:700D                 db  68h ; h
seg000:700E                 db  6Fh ; o
seg000:700F                 db  77h ; w
seg000:7010                 db  81h
seg000:7011                 db  20h
seg000:7012                 db  85h
seg000:7013                 db  79h ; y
seg000:7014                 db  6Fh ; o
seg000:7015                 db  75h ; u
seg000:7016                 db  20h
seg000:7017                 db  81h
seg000:7018                 db  74h ; t
seg000:7019                 db  68h ; h
seg000:701A                 db  65h ; e
seg000:701B                 db  20h
seg000:701C                 db  83h
seg000:701D                 db  77h ; w
seg000:701E                 db  80h
seg000:701F                 db  61h ; a
seg000:7020                 db  82h
seg000:7021                 db  79h ; y
seg000:7022                 db  2Eh ; .
seg000:7023                 db  84h
seg000:7024                 db  20h
seg000:7025                 db 0F5h
seg000:7026                 db  83h
seg000:7027                 db  57h ; W
seg000:7028                 db  82h
seg000:7029                 db  65h ; e
seg000:702A                 db  20h
seg000:702B                 db  80h
seg000:702C                 db  6Dh ; m
seg000:702D                 db  75h ; u
seg000:702E                 db  83h
seg000:702F                 db  73h ; s
seg000:7030                 db  74h ; t
seg000:7031                 db  20h
seg000:7032                 db  81h
seg000:7033                 db  64h ; d
seg000:7034                 db  65h ; e
seg000:7035                 db  80h
seg000:7036                 db  70h ; p
seg000:7037                 db  61h ; a
seg000:7038                 db  72h ; r
seg000:7039                 db  83h
seg000:703A                 db  74h ; t
seg000:703B                 db  20h
seg000:703C                 db  85h
seg000:703D                 db  71h ; q
seg000:703E                 db  75h ; u
seg000:703F                 db  82h
seg000:7040                 db  69h ; i
seg000:7041                 db  63h ; c
seg000:7042                 db  83h
seg000:7043                 db  6Bh ; k
seg000:7044                 db  82h
seg000:7045                 db  6Ch ; l
seg000:7046                 db  79h ; y
seg000:7047                 db  2Eh ; .
seg000:7048                 db  22h ; "
seg000:7049                 db  84h
seg000:704A                 db 0F5h
seg000:704B                 db 0F5h
seg000:704C                 db 0F5h
seg000:704D                 db 0FEh
seg000:704E                 db 0F0h
seg000:704F                 db 0F3h
seg000:7050                 db 0FAh
seg000:7051 aThereWasNoTime db 'There was no time to rest, '
seg000:706C                 db  97h
seg000:706D                 db  61h ; a
seg000:706E                 db  6Eh ; n
seg000:706F                 db  98h
seg000:7070 aDNoTimeToStayI db 'd no time to stay in this peaceful land.'
seg000:7098                 db 0F5h
seg000:7099                 db 0F5h
seg000:709A                 db 0F5h
seg000:709B                 db 0FDh
seg000:709C                 db 0FEh
seg000:709D                 db 0F3h
seg000:709E                 db 0FBh
seg000:709F                 db 0EBh
seg000:70A0                 db  97h
seg000:70A1                 db  22h ; "
seg000:70A2                 db  96h
seg000:70A3                 db 0B0h
seg000:70A4                 db  4Dh ; M
seg000:70A5                 db  75h ; u
seg000:70A6                 db 0B3h
seg000:70A7                 db  73h ; s
seg000:70A8                 db 0B4h
seg000:70A9                 db  74h ; t
seg000:70AA                 db  20h
seg000:70AB                 db  79h ; y
seg000:70AC                 db  6Fh ; o
seg000:70AD                 db  75h ; u
seg000:70AE                 db  20h
seg000:70AF                 db 0B2h
seg000:70B0                 db  6Ch ; l
seg000:70B1                 db  65h ; e
seg000:70B2                 db 0B1h
seg000:70B3                 db  61h ; a
seg000:70B4                 db 0B3h
seg000:70B5                 db  76h ; v
seg000:70B6                 db  65h ; e
seg000:70B7                 db 0B4h
seg000:70B8                 db  20h
seg000:70B9                 db 0B3h
seg000:70BA                 db  73h ; s
seg000:70BB                 db  6Fh ; o
seg000:70BC                 db  20h
seg000:70BD                 db 0B5h
seg000:70BE                 db  73h ; s
seg000:70BF                 db  6Fh ; o
seg000:70C0                 db  6Fh ; o
seg000:70C1                 db 0B4h
seg000:70C2                 db  6Eh ; n
seg000:70C3                 db  2Ch ; ,
seg000:70C4                 db  20h
seg000:70C5                 db 0B7h
seg000:70C6                 db 0B3h
seg000:70C7                 db  44h ; D
seg000:70C8                 db 0B8h
seg000:70C9                 db  75h ; u
seg000:70CA                 db 0B1h
seg000:70CB                 db 0B7h
seg000:70CC                 db  6Bh ; k
seg000:70CD                 db 0B6h
seg000:70CE                 db  65h ; e
seg000:70CF                 db  20h
seg000:70D0                 db 0B0h
seg000:70D1                 db  47h ; G
seg000:70D2                 db  61h ; a
seg000:70D3                 db  72h ; r
seg000:70D4                 db  6Ch ; l
seg000:70D5                 db  61h ; a
seg000:70D6                 db 0B4h
seg000:70D7                 db  6Eh ; n
seg000:70D8                 db  64h ; d
seg000:70D9                 db  3Fh ; ?
seg000:70DA                 db  20h
seg000:70DB                 db  20h
seg000:70DC                 db 0F5h
seg000:70DD                 db 0F2h
seg000:70DE                 db 0B7h
seg000:70DF                 db 0B0h
seg000:70E0                 db  49h ; I
seg000:70E1                 db 0B8h
seg000:70E2                 db  20h
seg000:70E3                 db 0B7h
seg000:70E4                 db 0B5h
seg000:70E5                 db  77h ; w
seg000:70E6                 db 0B6h
seg000:70E7                 db 0B0h
seg000:70E8                 db  61h ; a
seg000:70E9                 db  73h ; s
seg000:70EA                 db  20h
seg000:70EB                 db 0B3h
seg000:70EC                 db  68h ; h
seg000:70ED                 db  6Fh ; o
seg000:70EE                 db  70h ; p
seg000:70EF                 db 0B2h
seg000:70F0                 db  69h ; i
seg000:70F1                 db 0B4h
seg000:70F2                 db  6Eh ; n
seg000:70F3                 db 0B3h
seg000:70F4                 db  67h ; g
seg000:70F5                 db  2Eh ; .
seg000:70F6                 db  2Eh ; .
seg000:70F7                 db  2Eh ; .
seg000:70F8                 db 0B4h
seg000:70F9                 db  22h ; "
seg000:70FA                 db 0F5h
seg000:70FB                 db 0F5h
seg000:70FC                 db 0F5h
seg000:70FD                 db 0FEh
seg000:70FE                 db 0F7h
seg000:70FF                 db 0EFh
seg000:7100                 db  22h ; "
seg000:7101                 db  95h
seg000:7102                 db  50h ; P
seg000:7103                 db  72h ; r
seg000:7104                 db  92h
seg000:7105                 db  69h ; i
seg000:7106                 db  94h
seg000:7107                 db  6Eh ; n
seg000:7108                 db  91h
seg000:7109                 db  63h ; c
seg000:710A                 db  65h ; e
seg000:710B                 db  93h
seg000:710C                 db  73h ; s
seg000:710D                 db  73h ; s
seg000:710E                 db  20h
seg000:710F                 db  91h
seg000:7110                 db  46h ; F
seg000:7111                 db  65h ; e
seg000:7112                 db  92h
seg000:7113                 db  6Ch ; l
seg000:7114                 db  69h ; i
seg000:7115                 db  63h ; c
seg000:7116                 db  69h ; i
seg000:7117                 db  90h
seg000:7118                 db  61h ; a
seg000:7119                 db  2Ch ; ,
seg000:711A                 db  20h
seg000:711B                 db  97h
seg000:711C                 db  90h
seg000:711D                 db  49h ; I
seg000:711E                 db  98h
seg000:711F                 db  92h
seg000:7120                 db  20h
seg000:7121                 db  97h
seg000:7122                 db  90h
seg000:7123                 db  6Dh ; m
seg000:7124                 db  96h
seg000:7125                 db  75h ; u
seg000:7126                 db  93h
seg000:7127                 db  73h ; s
seg000:7128                 db  74h ; t
seg000:7129                 db  20h
seg000:712A                 db  92h
seg000:712B                 db  62h ; b
seg000:712C                 db  69h ; i
seg000:712D                 db  93h
seg000:712E                 db  64h ; d
seg000:712F                 db  20h
seg000:7130                 db  93h
seg000:7131                 db  79h ; y
seg000:7132                 db  6Fh ; o
seg000:7133                 db  75h ; u
seg000:7134                 db  20h
seg000:7135                 db  91h
seg000:7136                 db  66h ; f
seg000:7137                 db  61h ; a
seg000:7138                 db  90h
seg000:7139                 db  72h ; r
seg000:713A                 db  65h ; e
seg000:713B                 db  91h
seg000:713C                 db  77h ; w
seg000:713D                 db  65h ; e
seg000:713E                 db  93h
seg000:713F                 db  6Ch ; l
seg000:7140                 db  6Ch ; l
seg000:7141                 db  2Eh ; .
seg000:7142                 db  94h
seg000:7143                 db  20h
seg000:7144                 db  20h
seg000:7145                 db 0F5h
seg000:7146                 db  93h
seg000:7147                 db  4Dh ; M
seg000:7148                 db  6Fh ; o
seg000:7149                 db  72h ; r
seg000:714A                 db  94h
seg000:714B                 db  6Eh ; n
seg000:714C                 db  69h ; i
seg000:714D                 db  6Eh ; n
seg000:714E                 db  95h
seg000:714F                 db  67h ; g
seg000:7150                 db  20h
seg000:7151                 db  92h
seg000:7152                 db  69h ; i
seg000:7153                 db  95h
seg000:7154                 db  73h ; s
seg000:7155                 db  20h
seg000:7156                 db  90h
seg000:7157                 db  63h ; c
seg000:7158                 db  6Fh ; o
seg000:7159                 db  6Dh ; m
seg000:715A                 db  92h
seg000:715B                 db  69h ; i
seg000:715C                 db  94h
seg000:715D                 db  6Eh ; n
seg000:715E                 db  67h ; g
seg000:715F                 db  20h
seg000:7160                 db  93h
seg000:7161                 db  73h ; s
seg000:7162                 db  6Fh ; o
seg000:7163                 db  6Fh ; o
seg000:7164                 db  94h
seg000:7165                 db  6Eh ; n
seg000:7166                 db  2Ch ; ,
seg000:7167                 db  20h
seg000:7168                 db  90h
seg000:7169                 db  61h ; a
seg000:716A                 db  94h
seg000:716B                 db  6Eh ; n
seg000:716C                 db  64h ; d
seg000:716D                 db  20h
seg000:716E                 db  90h
seg000:716F                 db  49h ; I
seg000:7170                 db  92h
seg000:7171                 db  20h
seg000:7172                 db  97h
seg000:7173                 db  92h
seg000:7174                 db  77h ; w
seg000:7175                 db  98h
seg000:7176                 db  69h ; i
seg000:7177                 db  93h
seg000:7178                 db  97h
seg000:7179                 db  6Ch ; l
seg000:717A                 db  96h
seg000:717B                 db  6Ch ; l
seg000:717C                 db  20h
seg000:717D                 db  92h
seg000:717E                 db  6Dh ; m
seg000:717F                 db  69h ; i
seg000:7180                 db  93h
seg000:7181                 db  73h ; s
seg000:7182                 db  73h ; s
seg000:7183                 db  20h
seg000:7184                 db  91h
seg000:7185                 db  74h ; t
seg000:7186                 db  68h ; h
seg000:7187                 db  65h ; e
seg000:7188                 db  20h
seg000:7189                 db  90h
seg000:718A                 db  6Ch ; l
seg000:718B                 db  91h
seg000:718C                 db  69h ; i
seg000:718D                 db  67h ; g
seg000:718E                 db  93h
seg000:718F                 db  68h ; h
seg000:7190                 db  74h ; t
seg000:7191                 db  20h
seg000:7192                 db  6Fh ; o
seg000:7193                 db  95h
seg000:7194                 db  66h ; f
seg000:7195                 db  20h
seg000:7196                 db  93h
seg000:7197                 db  53h ; S
seg000:7198                 db  92h
seg000:7199                 db  70h ; p
seg000:719A                 db  69h ; i
seg000:719B                 db  72h ; r
seg000:719C                 db  69h ; i
seg000:719D                 db  93h
seg000:719E                 db  74h ; t
seg000:719F                 db  20h
seg000:71A0                 db  75h ; u
seg000:71A1                 db  94h
seg000:71A2                 db  6Eh ; n
seg000:71A3                 db  91h
seg000:71A4                 db  6Ch ; l
seg000:71A5                 db  65h ; e
seg000:71A6                 db  93h
seg000:71A7                 db  73h ; s
seg000:71A8                 db  73h ; s
seg000:71A9                 db  20h
seg000:71AA                 db  90h
seg000:71AB                 db  49h ; I
seg000:71AC                 db  92h
seg000:71AD                 db  20h
seg000:71AE                 db  73h ; s
seg000:71AF                 db  90h
seg000:71B0                 db  74h ; t
seg000:71B1                 db  61h ; a
seg000:71B2                 db  72h ; r
seg000:71B3                 db  94h
seg000:71B4                 db  74h ; t
seg000:71B5                 db  20h
seg000:71B6                 db  91h
seg000:71B7                 db  62h ; b
seg000:71B8                 db  65h ; e
seg000:71B9                 db  93h
seg000:71BA                 db  66h ; f
seg000:71BB                 db  6Fh ; o
seg000:71BC                 db  90h
seg000:71BD                 db  72h ; r
seg000:71BE                 db  65h ; e
seg000:71BF                 db  20h
seg000:71C0                 db  91h
seg000:71C1                 db  74h ; t
seg000:71C2                 db  68h ; h
seg000:71C3                 db  65h ; e
seg000:71C4                 db  20h
seg000:71C5                 db  90h
seg000:71C6                 db  64h ; d
seg000:71C7                 db  61h ; a
seg000:71C8                 db  94h
seg000:71C9                 db  77h ; w
seg000:71CA                 db  6Eh ; n
seg000:71CB                 db  2Eh ; .
seg000:71CC                 db  22h ; "
seg000:71CD                 db 0F5h
seg000:71CE                 db 0F5h
seg000:71CF                 db 0F5h
seg000:71D0                 db 0FEh
seg000:71D1                 db 0F0h
seg000:71D2                 db 0F3h
seg000:71D3                 db 0FAh
seg000:71D4 aTheDukeAnswere db 'The Duke answered quickly, as if to head off the next words of Pr'
seg000:7215                 db 'incess Felicia.'
seg000:7224                 db 0F5h
seg000:7225                 db 0F5h
seg000:7226                 db 0F5h
seg000:7227                 db 0FDh
seg000:7228                 db 0FEh
seg000:7229                 db 0F3h
seg000:722A                 db 0FAh
seg000:722B aForIfHeHeardTh db 'For if he heard those words, he might not be able to leave, as he'
seg000:726C                 db ' knew he must.  '
seg000:727C                 db 0F5h
seg000:727D aHeTurnedAndWal db 'He turned and walked away...'
seg000:7299                 db 0F5h
seg000:729A                 db 0F5h
seg000:729B                 db 0F5h
seg000:729C                 db 0FEh
seg000:729D                 db 0F7h
seg000:729E                 db 0FBh
seg000:729F                 db 0EBh
seg000:72A0                 db  22h ; "
seg000:72A1                 db 0C0h
seg000:72A2                 db  44h ; D
seg000:72A3                 db  6Fh ; o
seg000:72A4                 db 0C1h
seg000:72A5                 db  6Eh ; n
seg000:72A6                 db  27h ; '
seg000:72A7                 db  74h ; t
seg000:72A8                 db  20h
seg000:72A9                 db 0C0h
seg000:72AA                 db  67h ; g
seg000:72AB                 db  6Fh ; o
seg000:72AC                 db  2Ch ; ,
seg000:72AD                 db  20h
seg000:72AE                 db 0C1h
seg000:72AF                 db  44h ; D
seg000:72B0                 db  75h ; u
seg000:72B1                 db 0C0h
seg000:72B2                 db  6Bh ; k
seg000:72B3                 db  65h ; e
seg000:72B4                 db  20h
seg000:72B5                 db 0C0h
seg000:72B6                 db  47h ; G
seg000:72B7                 db  61h ; a
seg000:72B8                 db  72h ; r
seg000:72B9                 db 0C1h
seg000:72BA                 db  6Ch ; l
seg000:72BB                 db  61h ; a
seg000:72BC                 db  6Eh ; n
seg000:72BD                 db 0C0h
seg000:72BE                 db  64h ; d
seg000:72BF                 db  21h ; !
seg000:72C0                 db  22h ; "
seg000:72C1                 db 0F5h
seg000:72C2                 db 0F0h
seg000:72C3                 db 0F3h
seg000:72C4                 db 0FAh
seg000:72C5 aAndDidNotLookB db '... and did not look back.'
seg000:72DF                 db 0F5h
seg000:72E0                 db 0FDh
seg000:72E1                 db 0F2h
seg000:72E2 aDukeGarlandLef db 'Duke Garland left the castle, and he felt as if his heart might b'
seg000:7323                 db 'reak.'
seg000:7328                 db 0F5h
seg000:7329                 db 0F5h
seg000:732A                 db 0F5h
seg000:732B                 db 0FEh
seg000:732C                 db 0F7h
seg000:732D aAsSheWatchedHi db 'As she watched him go, Princess Felicia said to herself, '
seg000:7366                 db 0F5h
seg000:7367                 db 0F2h
seg000:7368                 db 0FBh
seg000:7369 aHeWillReturn   db '"He will return.  '
seg000:737B                 db 0F5h
seg000:737C aTheRoadToHisDe db 'The road to his destiny, began here, and it shall end here."'
seg000:73B8                 db 0F5h
seg000:73B9                 db 0F5h
seg000:73BA                 db 0F5h
seg000:73BB                 db 0FEh
seg000:73BC                 db 0F3h
seg000:73BD aWhenHisWorkInT db '"When his work in the world is done, he',27h,'ll come back to me.'
seg000:73F8                 db '  '
seg000:73FA                 db 0F5h
seg000:73FB aUntilThenICanO db 'Until then, I can only believe it, and wait for him."'
seg000:7430                 db 0F5h
seg000:7431                 db 0F5h
seg000:7432                 db 0F5h
seg000:7433                 db 0F5h
seg000:7434                 db 0F5h
seg000:7435                 db 0FDh
seg000:7436                 db 0FFh
seg000:7437                 db  77h ; w
seg000:7438                 db    0
seg000:7439                 db  77h ; w
seg000:743A                 db  77h ; w
seg000:743B                 db  70h ; p
seg000:743C                 db  5Dh ; ]
seg000:743D                 db 0DDh
seg000:743E                 db 0DDh
seg000:743F                 db 0DDh
seg000:7440                 db 0DCh
seg000:7441                 db  3Fh ; ?
seg000:7442                 db 0E0h
seg000:7443                 db  94h
seg000:7444                 db  77h ; w
seg000:7445                 db  70h ; p
seg000:7446                 db  1Dh
seg000:7447                 db 0D9h
seg000:7448                 db 0E3h
seg000:7449                 db 0DDh
seg000:744A                 db 0C0h
seg000:744B                 db    7
seg000:744C                 db  75h ; u
seg000:744D                 db    7
seg000:744E                 db  77h ; w
seg000:744F                 db    0
seg000:7450                 db    1
seg000:7451                 db 0DCh
seg000:7452                 db  1Dh
seg000:7453                 db 0DCh
seg000:7454                 db    0
seg000:7455                 db  80h
seg000:7456                 db  77h ; w
seg000:7457                 db  77h ; w
seg000:7458                 db  70h ; p
seg000:7459                 db    4
seg000:745A                 db  88h
seg000:745B                 db  1Dh
seg000:745C                 db 0DDh
seg000:745D                 db  80h
seg000:745E                 db    8
seg000:745F                 db 0B2h
seg000:7460                 db    3
seg000:7461                 db  70h ; p
seg000:7462                 db    0
seg000:7463                 db  74h ; t
seg000:7464                 db 0FCh
seg000:7465                 db    0
seg000:7466                 db    0
seg000:7467                 db    0
seg000:7468                 db 0D8h
seg000:7469                 db 0D6h
seg000:746A                 db    0
seg000:746B                 db    0
seg000:746C                 db    7
seg000:746D                 db  74h ; t
seg000:746E                 db 0FFh
seg000:746F                 db 0E0h
seg000:7470                 db  7Fh ; 
seg000:7471                 db 0FFh
seg000:7472                 db 0F1h
seg000:7473                 db  7Fh ; 
seg000:7474                 db 0FFh
seg000:7475                 db 0FFh
seg000:7476                 db 0FFh
seg000:7477                 db 0FCh
seg000:7478                 db  3Fh ; ?
seg000:7479                 db 0F9h
seg000:747A                 db 0F7h
seg000:747B                 db 0FFh
seg000:747C                 db 0F8h
seg000:747D                 db  9Fh
seg000:747E                 db 0F9h
seg000:747F                 db 0EFh
seg000:7480                 db 0FFh
seg000:7481                 db 0E0h
seg000:7482                 db 0C7h
seg000:7483                 db 0FFh
seg000:7484                 db 0FFh
seg000:7485                 db 0FFh
seg000:7486                 db  84h
seg000:7487                 db 0F1h
seg000:7488                 db 0FEh
seg000:7489                 db  1Fh
seg000:748A                 db 0FEh
seg000:748B                 db  0Ch
seg000:748C                 db 0FCh
seg000:748D                 db  7Fh ; 
seg000:748E                 db 0FFh
seg000:748F                 db 0F0h
seg000:7490                 db  1Ch
seg000:7491                 db 0FFh
seg000:7492                 db  1Fh
seg000:7493                 db 0FFh
seg000:7494                 db  80h
seg000:7495                 db  7Ch ; |
seg000:7496                 db 0FFh
seg000:7497                 db    3
seg000:7498                 db 0F8h
seg000:7499                 db    1
seg000:749A                 db 0FCh
seg000:749B                 db 0FFh
seg000:749C                 db  30h ; 0
seg000:749D                 db    0
seg000:749E                 db    7
seg000:749F                 db 0FCh
seg000:74A0                 db 0FFh
seg000:74A1                 db  30h ; 0
seg000:74A2                 db    0
seg000:74A3                 db  1Fh
seg000:74A4                 db 0FCh
seg000:74A5                 db 0FFh
seg000:74A6                 db 0A0h
seg000:74A7                 db  7Fh ; 
seg000:74A8                 db 0FFh
seg000:74A9                 db 0F1h
seg000:74AA                 db  7Fh ; 
seg000:74AB                 db 0FFh
seg000:74AC                 db 0FFh
seg000:74AD                 db 0FFh
seg000:74AE                 db 0FCh
seg000:74AF                 db  3Fh ; ?
seg000:74B0                 db 0F0h
seg000:74B1                 db  83h
seg000:74B2                 db 0FFh
seg000:74B3                 db 0F8h
seg000:74B4                 db  9Fh
seg000:74B5                 db 0E1h
seg000:74B6                 db 0E0h
seg000:74B7                 db 0FFh
seg000:74B8                 db 0E0h
seg000:74B9                 db 0C7h
seg000:74BA                 db 0F9h
seg000:74BB                 db    3
seg000:74BC                 db 0FFh
seg000:74BD                 db  84h
seg000:74BE                 db 0F1h
seg000:74BF                 db 0FEh
seg000:74C0                 db  1Fh
seg000:74C1                 db 0FEh
seg000:74C2                 db    8
seg000:74C3                 db 0F4h
seg000:74C4                 db  7Fh ; 
seg000:74C5                 db 0FFh
seg000:74C6                 db 0F0h
seg000:74C7                 db  14h
seg000:74C8                 db 0FDh
seg000:74C9                 db  1Fh
seg000:74CA                 db 0FFh
seg000:74CB                 db  80h
seg000:74CC                 db  28h ; (
seg000:74CD                 db 0F7h
seg000:74CE                 db    3
seg000:74CF                 db 0F8h
seg000:74D0                 db    1
seg000:74D1                 db  74h ; t
seg000:74D2                 db 0FDh
seg000:74D3                 db  20h
seg000:74D4                 db    0
seg000:74D5                 db    2
seg000:74D6                 db 0F8h
seg000:74D7                 db 0F7h
seg000:74D8                 db  20h
seg000:74D9                 db    0
seg000:74DA                 db  17h
seg000:74DB                 db 0FCh
seg000:74DC                 db  77h ; w
seg000:74DD                 db    0
seg000:74DE                 db  77h ; w
seg000:74DF                 db  77h ; w
seg000:74E0                 db  70h ; p
seg000:74E1                 db  5Dh ; ]
seg000:74E2                 db 0DDh
seg000:74E3                 db 0DDh
seg000:74E4                 db 0DDh
seg000:74E5                 db 0DCh
seg000:74E6                 db  3Fh ; ?
seg000:74E7                 db 0FFh
seg000:74E8                 db 0FCh
seg000:74E9                 db  77h ; w
seg000:74EA                 db  70h ; p
seg000:74EB                 db  1Dh
seg000:74EC                 db 0D9h
seg000:74ED                 db 0C3h
seg000:74EE                 db 0DDh
seg000:74EF                 db 0C0h
seg000:74F0                 db    7
seg000:74F1                 db  77h ; w
seg000:74F2                 db 0FFh
seg000:74F3                 db  77h ; w
seg000:74F4                 db    0
seg000:74F5                 db    1
seg000:74F6                 db 0DCh
seg000:74F7                 db  1Dh
seg000:74F8                 db 0DCh
seg000:74F9                 db    0
seg000:74FA                 db  80h
seg000:74FB                 db  77h ; w
seg000:74FC                 db  77h ; w
seg000:74FD                 db  70h ; p
seg000:74FE                 db    4
seg000:74FF                 db  88h
seg000:7500                 db  1Dh
seg000:7501                 db 0DDh
seg000:7502                 db  80h
seg000:7503                 db    8
seg000:7504                 db 0B2h
seg000:7505                 db    3
seg000:7506                 db  70h ; p
seg000:7507                 db    0
seg000:7508                 db  74h ; t
seg000:7509                 db 0FCh
seg000:750A                 db    0
seg000:750B                 db    0
seg000:750C                 db    0
seg000:750D                 db 0D8h
seg000:750E                 db 0D6h
seg000:750F                 db    0
seg000:7510                 db    0
seg000:7511                 db    7
seg000:7512                 db  74h ; t
seg000:7513                 db 0FFh
seg000:7514                 db 0E0h
seg000:7515                 db  7Fh ; 
seg000:7516                 db 0FFh
seg000:7517                 db 0F1h
seg000:7518                 db  7Fh ; 
seg000:7519                 db 0FFh
seg000:751A                 db 0FFh
seg000:751B                 db 0FFh
seg000:751C                 db 0FCh
seg000:751D                 db  3Fh ; ?
seg000:751E                 db 0FFh
seg000:751F                 db 0FFh
seg000:7520                 db 0FFh
seg000:7521                 db 0F8h
seg000:7522                 db  9Fh
seg000:7523                 db 0F9h
seg000:7524                 db 0EFh
seg000:7525                 db 0FFh
seg000:7526                 db 0E0h
seg000:7527                 db 0C7h
seg000:7528                 db 0FFh
seg000:7529                 db 0FFh
seg000:752A                 db 0FFh
seg000:752B                 db  84h
seg000:752C                 db 0F1h
seg000:752D                 db 0FEh
seg000:752E                 db  1Fh
seg000:752F                 db 0FEh
seg000:7530                 db  0Ch
seg000:7531                 db 0FCh
seg000:7532                 db  7Fh ; 
seg000:7533                 db 0FFh
seg000:7534                 db 0F0h
seg000:7535                 db  1Ch
seg000:7536                 db 0FFh
seg000:7537                 db  1Fh
seg000:7538                 db 0FFh
seg000:7539                 db  80h
seg000:753A                 db  7Ch ; |
seg000:753B                 db 0FFh
seg000:753C                 db    3
seg000:753D                 db 0F8h
seg000:753E                 db    1
seg000:753F                 db 0FCh
seg000:7540                 db 0FFh
seg000:7541                 db  30h ; 0
seg000:7542                 db    0
seg000:7543                 db    7
seg000:7544                 db 0FCh
seg000:7545                 db 0FFh
seg000:7546                 db  30h ; 0
seg000:7547                 db    0
seg000:7548                 db  1Fh
seg000:7549                 db 0FCh
seg000:754A                 db 0FFh
seg000:754B                 db 0A0h
seg000:754C                 db  7Fh ; 
seg000:754D                 db 0FFh
seg000:754E                 db 0F1h
seg000:754F                 db  7Fh ; 
seg000:7550                 db 0FFh
seg000:7551                 db 0FFh
seg000:7552                 db 0FFh
seg000:7553                 db 0FCh
seg000:7554                 db  3Fh ; ?
seg000:7555                 db 0FFh
seg000:7556                 db 0FFh
seg000:7557                 db 0FFh
seg000:7558                 db 0F8h
seg000:7559                 db  9Fh
seg000:755A                 db 0E1h
seg000:755B                 db 0C0h
seg000:755C                 db 0FFh
seg000:755D                 db 0E0h
seg000:755E                 db 0C7h
seg000:755F                 db 0FFh
seg000:7560                 db  87h
seg000:7561                 db 0FFh
seg000:7562                 db  84h
seg000:7563                 db 0F1h
seg000:7564                 db 0FEh
seg000:7565                 db  1Fh
seg000:7566                 db 0FEh
seg000:7567                 db    8
seg000:7568                 db 0F4h
seg000:7569                 db  7Fh ; 
seg000:756A                 db 0FFh
seg000:756B                 db 0F0h
seg000:756C                 db  14h
seg000:756D                 db 0FDh
seg000:756E                 db  1Fh
seg000:756F                 db 0FFh
seg000:7570                 db  80h
seg000:7571                 db  28h ; (
seg000:7572                 db 0F7h
seg000:7573                 db    3
seg000:7574                 db 0F8h
seg000:7575                 db    1
seg000:7576                 db  74h ; t
seg000:7577                 db 0FDh
seg000:7578                 db  20h
seg000:7579                 db    0
seg000:757A                 db    2
seg000:757B                 db 0F8h
seg000:757C                 db 0F7h
seg000:757D                 db  20h
seg000:757E                 db    0
seg000:757F                 db  17h
seg000:7580                 db 0FCh
seg000:7581                 db  77h ; w
seg000:7582                 db    0
seg000:7583                 db  77h ; w
seg000:7584                 db  77h ; w
seg000:7585                 db  70h ; p
seg000:7586                 db  5Dh ; ]
seg000:7587                 db 0DDh
seg000:7588                 db 0DDh
seg000:7589                 db 0DDh
seg000:758A                 db 0DCh
seg000:758B                 db  37h ; 7
seg000:758C                 db 0E0h
seg000:758D                 db  94h
seg000:758E                 db  77h ; w
seg000:758F                 db  70h ; p
seg000:7590                 db  1Dh
seg000:7591                 db 0D1h
seg000:7592                 db 0E3h
seg000:7593                 db 0DDh
seg000:7594                 db 0D0h
seg000:7595                 db    7
seg000:7596                 db  70h ; p
seg000:7597                 db    3
seg000:7598                 db  77h ; w
seg000:7599                 db  40h ; @
seg000:759A                 db    5
seg000:759B                 db 0DDh
seg000:759C                 db  0Dh
seg000:759D                 db 0DDh
seg000:759E                 db    0
seg000:759F                 db  81h
seg000:75A0                 db  76h ; v
seg000:75A1                 db  17h
seg000:75A2                 db  74h ; t
seg000:75A3                 db    4
seg000:75A4                 db  88h
seg000:75A5                 db  5Dh ; ]
seg000:75A6                 db 0DDh
seg000:75A7                 db 0D0h
seg000:75A8                 db    8
seg000:75A9                 db 0B2h
seg000:75AA                 db  17h
seg000:75AB                 db  77h ; w
seg000:75AC                 db    0
seg000:75AD                 db  74h ; t
seg000:75AE                 db 0FCh
seg000:75AF                 db    1
seg000:75B0                 db 0D8h
seg000:75B1                 db    0
seg000:75B2                 db 0D8h
seg000:75B3                 db 0D6h
seg000:75B4                 db    0
seg000:75B5                 db    0
seg000:75B6                 db    7
seg000:75B7                 db  74h ; t
seg000:75B8                 db 0FFh
seg000:75B9                 db 0E0h
seg000:75BA                 db  7Fh ; 
seg000:75BB                 db 0FFh
seg000:75BC                 db 0F1h
seg000:75BD                 db  7Fh ; 
seg000:75BE                 db 0FFh
seg000:75BF                 db 0FFh
seg000:75C0                 db 0FFh
seg000:75C1                 db 0FCh
seg000:75C2                 db  3Fh ; ?
seg000:75C3                 db 0F9h
seg000:75C4                 db 0F7h
seg000:75C5                 db 0FFh
seg000:75C6                 db 0F8h
seg000:75C7                 db  9Fh
seg000:75C8                 db 0F9h
seg000:75C9                 db 0E3h
seg000:75CA                 db 0FFh
seg000:75CB                 db 0F0h
seg000:75CC                 db 0CFh
seg000:75CD                 db 0FEh
seg000:75CE                 db  0Fh
seg000:75CF                 db 0FFh
seg000:75D0                 db 0C4h
seg000:75D1                 db 0E7h
seg000:75D2                 db 0FFh
seg000:75D3                 db 0FFh
seg000:75D4                 db 0FFh
seg000:75D5                 db  0Ch
seg000:75D6                 db 0F9h
seg000:75D7                 db 0FFh
seg000:75D8                 db  1Fh
seg000:75D9                 db 0FCh
seg000:75DA                 db  1Ch
seg000:75DB                 db 0FEh
seg000:75DC                 db  7Fh ; 
seg000:75DD                 db 0FFh
seg000:75DE                 db 0F0h
seg000:75DF                 db  7Ch ; |
seg000:75E0                 db 0FFh
seg000:75E1                 db  1Fh
seg000:75E2                 db 0FFh
seg000:75E3                 db  81h
seg000:75E4                 db 0FCh
seg000:75E5                 db 0FFh
seg000:75E6                 db  23h ; #
seg000:75E7                 db 0F8h
seg000:75E8                 db    7
seg000:75E9                 db 0FCh
seg000:75EA                 db 0FFh
seg000:75EB                 db  30h ; 0
seg000:75EC                 db    0
seg000:75ED                 db  1Fh
seg000:75EE                 db 0FCh
seg000:75EF                 db 0FFh
seg000:75F0                 db 0A0h
seg000:75F1                 db  7Fh ; 
seg000:75F2                 db 0FFh
seg000:75F3                 db 0F1h
seg000:75F4                 db  7Fh ; 
seg000:75F5                 db 0FFh
seg000:75F6                 db 0FFh
seg000:75F7                 db 0FFh
seg000:75F8                 db 0FCh
seg000:75F9                 db  3Fh ; ?
seg000:75FA                 db 0F0h
seg000:75FB                 db  83h
seg000:75FC                 db 0FFh
seg000:75FD                 db 0F8h
seg000:75FE                 db  9Fh
seg000:75FF                 db 0E1h
seg000:7600                 db 0E0h
seg000:7601                 db 0FFh
seg000:7602                 db 0F0h
seg000:7603                 db 0CFh
seg000:7604                 db 0F8h
seg000:7605                 db    1
seg000:7606                 db 0FFh
seg000:7607                 db 0C4h
seg000:7608                 db 0E7h
seg000:7609                 db 0FDh
seg000:760A                 db    7
seg000:760B                 db 0FFh
seg000:760C                 db    8
seg000:760D                 db 0F1h
seg000:760E                 db 0FFh
seg000:760F                 db  0Fh
seg000:7610                 db 0FCh
seg000:7611                 db  14h
seg000:7612                 db 0FCh
seg000:7613                 db  7Fh ; 
seg000:7614                 db 0FFh
seg000:7615                 db 0F0h
seg000:7616                 db  28h ; (
seg000:7617                 db 0F7h
seg000:7618                 db  1Fh
seg000:7619                 db 0FFh
seg000:761A                 db  81h
seg000:761B                 db  74h ; t
seg000:761C                 db 0FDh
seg000:761D                 db  23h ; #
seg000:761E                 db 0F8h
seg000:761F                 db    2
seg000:7620                 db 0F8h
seg000:7621                 db 0F7h
seg000:7622                 db  20h
seg000:7623                 db    0
seg000:7624                 db  17h
seg000:7625                 db 0FCh
seg000:7626                 db  20h
seg000:7627                 db    0
seg000:7628                 db  70h ; p
seg000:7629                 db    0
seg000:762A                 db    0
seg000:762B                 db    3
seg000:762C                 db    2
seg000:762D                 db  88h
seg000:762E                 db    0
seg000:762F                 db  0Dh
seg000:7630                 db 0D8h
seg000:7631                 db    0
seg000:7632                 db    1
seg000:7633                 db 0C0h
seg000:7634                 db    2
seg000:7635                 db    0
seg000:7636                 db    7
seg000:7637                 db  77h ; w
seg000:7638                 db  19h
seg000:7639                 db  81h
seg000:763A                 db  40h ; @
seg000:763B                 db    0
seg000:763C                 db  26h ; &
seg000:763D                 db    5
seg000:763E                 db 0DDh
seg000:763F                 db 0FCh
seg000:7640                 db 0A9h
seg000:7641                 db  80h
seg000:7642                 db    0
seg000:7643                 db  75h ; u
seg000:7644                 db    3
seg000:7645                 db  77h ; w
seg000:7646                 db  7Fh ; 
seg000:7647                 db  77h ; w
seg000:7648                 db    0
seg000:7649                 db    0
seg000:764A                 db  3Fh ; ?
seg000:764B                 db    3
seg000:764C                 db 0DDh
seg000:764D                 db 0D4h
seg000:764E                 db  5Dh ; ]
seg000:764F                 db 0C0h
seg000:7650                 db    3
seg000:7651                 db  6Ah ; j
seg000:7652                 db    3
seg000:7653                 db  77h ; w
seg000:7654                 db 0FFh
seg000:7655                 db  77h ; w
seg000:7656                 db    8
seg000:7657                 db    1
seg000:7658                 db 0FDh
seg000:7659                 db    3
seg000:765A                 db 0DFh
seg000:765B                 db 0FDh
seg000:765C                 db 0C5h
seg000:765D                 db  18h
seg000:765E                 db 0F1h
seg000:765F                 db  78h ; x
seg000:7660                 db  78h ; x
seg000:7661                 db  27h ; '
seg000:7662                 db 0E0h
seg000:7663                 db  1Fh
seg000:7664                 db  1Fh
seg000:7665                 db 0F8h
seg000:7666                 db    3
seg000:7667                 db 0BFh
seg000:7668                 db 0FFh
seg000:7669                 db  80h
seg000:766A                 db    7
seg000:766B                 db 0C0h
seg000:766C                 db  1Eh
seg000:766D                 db    0
seg000:766E                 db 0F7h
seg000:766F                 db 0FFh
seg000:7670                 db  11h
seg000:7671                 db  81h
seg000:7672                 db 0CCh
seg000:7673                 db    0
seg000:7674                 db    6
seg000:7675                 db  7Fh ; 
seg000:7676                 db 0FFh
seg000:7677                 db 0F0h
seg000:7678                 db  23h ; #
seg000:7679                 db  90h
seg000:767A                 db  27h ; '
seg000:767B                 db  41h ; A
seg000:767C                 db  7Bh ; {
seg000:767D                 db 0FFh
seg000:767E                 db 0F8h
seg000:767F                 db  17h
seg000:7680                 db  82h
seg000:7681                 db  23h ; #
seg000:7682                 db 0B0h
seg000:7683                 db  73h ; s
seg000:7684                 db 0FFh
seg000:7685                 db 0F4h
seg000:7686                 db  5Fh ; _
seg000:7687                 db 0CEh
seg000:7688                 db  23h ; #
seg000:7689                 db 0EAh
seg000:768A                 db 0F3h
seg000:768B                 db 0FFh
seg000:768C                 db 0FFh
seg000:768D                 db 0FFh
seg000:768E                 db  8Eh
seg000:768F                 db  63h ; c
seg000:7690                 db 0FFh
seg000:7691                 db 0E3h
seg000:7692                 db 0FFh
seg000:7693                 db 0FFh
seg000:7694                 db 0E7h
seg000:7695                 db  1Ch
seg000:7696                 db  71h ; q
seg000:7697                 db  50h ; P
seg000:7698                 db  78h ; x
seg000:7699                 db  22h ; "
seg000:769A                 db 0A0h
seg000:769B                 db  0Bh
seg000:769C                 db  17h
seg000:769D                 db 0D8h
seg000:769E                 db    2
seg000:769F                 db 0AFh
seg000:76A0                 db 0FDh
seg000:76A1                 db    0
seg000:76A2                 db    7
seg000:76A3                 db 0C0h
seg000:76A4                 db  16h
seg000:76A5                 db    0
seg000:76A6                 db  57h ; W
seg000:76A7                 db 0FFh
seg000:76A8                 db  11h
seg000:76A9                 db  81h
seg000:76AA                 db 0CCh
seg000:76AB                 db    0
seg000:76AC                 db    6
seg000:76AD                 db  2Fh ; /
seg000:76AE                 db 0FFh
seg000:76AF                 db 0F0h
seg000:76B0                 db  23h ; #
seg000:76B1                 db  90h
seg000:76B2                 db  25h ; %
seg000:76B3                 db  41h ; A
seg000:76B4                 db  53h ; S
seg000:76B5                 db 0FFh
seg000:76B6                 db 0F8h
seg000:76B7                 db  17h
seg000:76B8                 db  82h
seg000:76B9                 db  22h ; "
seg000:76BA                 db 0B0h
seg000:76BB                 db  63h ; c
seg000:76BC                 db 0FFh
seg000:76BD                 db 0F4h
seg000:76BE                 db  5Fh ; _
seg000:76BF                 db 0CEh
seg000:76C0                 db  23h ; #
seg000:76C1                 db 0EAh
seg000:76C2                 db 0D3h
seg000:76C3                 db 0FFh
seg000:76C4                 db 0FFh
seg000:76C5                 db 0FFh
seg000:76C6                 db  8Eh
seg000:76C7                 db  63h ; c
seg000:76C8                 db 0FFh
seg000:76C9                 db 0A3h
seg000:76CA                 db 0FFh
seg000:76CB                 db 0FFh
seg000:76CC                 db 0E7h
seg000:76CD                 db  1Ch
seg000:76CE                 db  20h
seg000:76CF                 db    0
seg000:76D0                 db  70h ; p
seg000:76D1                 db    0
seg000:76D2                 db    0
seg000:76D3                 db    3
seg000:76D4                 db    2
seg000:76D5                 db  88h
seg000:76D6                 db    0
seg000:76D7                 db  0Dh
seg000:76D8                 db 0D8h
seg000:76D9                 db    0
seg000:76DA                 db    1
seg000:76DB                 db 0C0h
seg000:76DC                 db    2
seg000:76DD                 db    0
seg000:76DE                 db    7
seg000:76DF                 db  77h ; w
seg000:76E0                 db    0
seg000:76E1                 db    1
seg000:76E2                 db  40h ; @
seg000:76E3                 db    0
seg000:76E4                 db    0
seg000:76E5                 db    5
seg000:76E6                 db 0DDh
seg000:76E7                 db 0FCh
seg000:76E8                 db  29h ; )
seg000:76E9                 db  80h
seg000:76EA                 db    0
seg000:76EB                 db  61h ; a
seg000:76EC                 db    3
seg000:76ED                 db  77h ; w
seg000:76EE                 db  7Fh ; 
seg000:76EF                 db  77h ; w
seg000:76F0                 db    0
seg000:76F1                 db    0
seg000:76F2                 db  3Fh ; ?
seg000:76F3                 db    3
seg000:76F4                 db 0DDh
seg000:76F5                 db 0D4h
seg000:76F6                 db  5Dh ; ]
seg000:76F7                 db 0C0h
seg000:76F8                 db    3
seg000:76F9                 db  6Ah ; j
seg000:76FA                 db    3
seg000:76FB                 db  77h ; w
seg000:76FC                 db 0FFh
seg000:76FD                 db  77h ; w
seg000:76FE                 db    8
seg000:76FF                 db    1
seg000:7700                 db 0FDh
seg000:7701                 db    3
seg000:7702                 db 0DFh
seg000:7703                 db 0FDh
seg000:7704                 db 0C5h
seg000:7705                 db  18h
seg000:7706                 db 0F1h
seg000:7707                 db  78h ; x
seg000:7708                 db  78h ; x
seg000:7709                 db  27h ; '
seg000:770A                 db 0FFh
seg000:770B                 db 0FFh
seg000:770C                 db  1Fh
seg000:770D                 db 0F8h
seg000:770E                 db  5Bh ; [
seg000:770F                 db 0BFh
seg000:7710                 db 0FFh
seg000:7711                 db 0F4h
seg000:7712                 db    7
seg000:7713                 db 0C0h
seg000:7714                 db  1Eh
seg000:7715                 db  26h ; &
seg000:7716                 db 0F7h
seg000:7717                 db 0FFh
seg000:7718                 db  40h ; @
seg000:7719                 db    1
seg000:771A                 db 0CCh
seg000:771B                 db    0
seg000:771C                 db    0
seg000:771D                 db  7Fh ; 
seg000:771E                 db 0FFh
seg000:771F                 db 0F0h
seg000:7720                 db  23h ; #
seg000:7721                 db  90h
seg000:7722                 db  27h ; '
seg000:7723                 db  41h ; A
seg000:7724                 db  7Bh ; {
seg000:7725                 db 0FFh
seg000:7726                 db 0F8h
seg000:7727                 db  17h
seg000:7728                 db  82h
seg000:7729                 db  23h ; #
seg000:772A                 db 0B0h
seg000:772B                 db  73h ; s
seg000:772C                 db 0FFh
seg000:772D                 db 0F4h
seg000:772E                 db  5Fh ; _
seg000:772F                 db 0CEh
seg000:7730                 db  23h ; #
seg000:7731                 db 0EAh
seg000:7732                 db 0F3h
seg000:7733                 db 0FFh
seg000:7734                 db 0FFh
seg000:7735                 db 0FFh
seg000:7736                 db  8Eh
seg000:7737                 db  63h ; c
seg000:7738                 db 0FFh
seg000:7739                 db 0E3h
seg000:773A                 db 0FFh
seg000:773B                 db 0FFh
seg000:773C                 db 0E7h
seg000:773D                 db  1Ch
seg000:773E                 db  71h ; q
seg000:773F                 db  50h ; P
seg000:7740                 db  78h ; x
seg000:7741                 db  22h ; "
seg000:7742                 db 0A0h
seg000:7743                 db  0Bh
seg000:7744                 db  17h
seg000:7745                 db 0D8h
seg000:7746                 db    2
seg000:7747                 db 0AFh
seg000:7748                 db 0FDh
seg000:7749                 db    0
seg000:774A                 db    7
seg000:774B                 db 0C0h
seg000:774C                 db  16h
seg000:774D                 db    0
seg000:774E                 db  57h ; W
seg000:774F                 db 0FFh
seg000:7750                 db    0
seg000:7751                 db    1
seg000:7752                 db 0CCh
seg000:7753                 db    0
seg000:7754                 db    0
seg000:7755                 db  2Fh ; /
seg000:7756                 db 0FFh
seg000:7757                 db 0F0h
seg000:7758                 db  23h ; #
seg000:7759                 db  90h
seg000:775A                 db  25h ; %
seg000:775B                 db  41h ; A
seg000:775C                 db  53h ; S
seg000:775D                 db 0FFh
seg000:775E                 db 0F8h
seg000:775F                 db  17h
seg000:7760                 db  82h
seg000:7761                 db  22h ; "
seg000:7762                 db 0B0h
seg000:7763                 db  63h ; c
seg000:7764                 db 0FFh
seg000:7765                 db 0F4h
seg000:7766                 db  5Fh ; _
seg000:7767                 db 0CEh
seg000:7768                 db  23h ; #
seg000:7769                 db 0EAh
seg000:776A                 db 0D3h
seg000:776B                 db 0FFh
seg000:776C                 db 0FFh
seg000:776D                 db 0FFh
seg000:776E                 db  8Eh
seg000:776F                 db  63h ; c
seg000:7770                 db 0FFh
seg000:7771                 db 0A3h
seg000:7772                 db 0FFh
seg000:7773                 db 0FFh
seg000:7774                 db 0E7h
seg000:7775                 db  1Ch
seg000:7776                 db  20h
seg000:7777                 db    0
seg000:7778                 db  70h ; p
seg000:7779                 db    0
seg000:777A                 db    0
seg000:777B                 db    2
seg000:777C                 db    2
seg000:777D                 db  88h
seg000:777E                 db    0
seg000:777F                 db  0Dh
seg000:7780                 db 0D8h
seg000:7781                 db    0
seg000:7782                 db    1
seg000:7783                 db  40h ; @
seg000:7784                 db    2
seg000:7785                 db    0
seg000:7786                 db    7
seg000:7787                 db  77h ; w
seg000:7788                 db    0
seg000:7789                 db    1
seg000:778A                 db  40h ; @
seg000:778B                 db    0
seg000:778C                 db    0
seg000:778D                 db    5
seg000:778E                 db 0DDh
seg000:778F                 db  80h
seg000:7790                 db    1
seg000:7791                 db  80h
seg000:7792                 db    0
seg000:7793                 db    0
seg000:7794                 db    3
seg000:7795                 db  77h ; w
seg000:7796                 db  40h ; @
seg000:7797                 db    3
seg000:7798                 db    0
seg000:7799                 db    0
seg000:779A                 db    0
seg000:779B                 db    3
seg000:779C                 db 0DDh
seg000:779D                 db 0D0h
seg000:779E                 db  0Dh
seg000:779F                 db 0C0h
seg000:77A0                 db    3
seg000:77A1                 db  40h ; @
seg000:77A2                 db    3
seg000:77A3                 db  77h ; w
seg000:77A4                 db 0FFh
seg000:77A5                 db  77h ; w
seg000:77A6                 db    8
seg000:77A7                 db    1
seg000:77A8                 db 0FDh
seg000:77A9                 db    3
seg000:77AA                 db 0DFh
seg000:77AB                 db 0FDh
seg000:77AC                 db 0C5h
seg000:77AD                 db  18h
seg000:77AE                 db 0F1h
seg000:77AF                 db  78h ; x
seg000:77B0                 db  78h ; x
seg000:77B1                 db  27h ; '
seg000:77B2                 db 0E7h
seg000:77B3                 db  5Fh ; _
seg000:77B4                 db  1Fh
seg000:77B5                 db 0F9h
seg000:77B6                 db 0EFh
seg000:77B7                 db 0BFh
seg000:77B8                 db 0FFh
seg000:77B9                 db  3Fh ; ?
seg000:77BA                 db 0F7h
seg000:77BB                 db 0C0h
seg000:77BC                 db  1Eh
seg000:77BD                 db 0BFh
seg000:77BE                 db 0F7h
seg000:77BF                 db 0FFh
seg000:77C0                 db 0FFh
seg000:77C1                 db 0FFh
seg000:77C2                 db 0CCh
seg000:77C3                 db    0
seg000:77C4                 db  7Fh ; 
seg000:77C5                 db 0FFh
seg000:77C6                 db 0FFh
seg000:77C7                 db  9Fh
seg000:77C8                 db 0E1h
seg000:77C9                 db  90h
seg000:77CA                 db  27h ; '
seg000:77CB                 db  3Fh ; ?
seg000:77CC                 db  7Bh ; {
seg000:77CD                 db 0FFh
seg000:77CE                 db 0C0h
seg000:77CF                 db    3
seg000:77D0                 db  82h
seg000:77D1                 db  23h ; #
seg000:77D2                 db    0
seg000:77D3                 db  73h ; s
seg000:77D4                 db 0FFh
seg000:77D5                 db 0F0h
seg000:77D6                 db  0Fh
seg000:77D7                 db 0CEh
seg000:77D8                 db  23h ; #
seg000:77D9                 db 0C0h
seg000:77DA                 db 0F3h
seg000:77DB                 db 0FFh
seg000:77DC                 db 0FFh
seg000:77DD                 db 0FFh
seg000:77DE                 db  8Eh
seg000:77DF                 db  63h ; c
seg000:77E0                 db 0FFh
seg000:77E1                 db 0E3h
seg000:77E2                 db 0FFh
seg000:77E3                 db 0FFh
seg000:77E4                 db 0E7h
seg000:77E5                 db  1Ch
seg000:77E6                 db  71h ; q
seg000:77E7                 db  50h ; P
seg000:77E8                 db  78h ; x
seg000:77E9                 db  22h ; "
seg000:77EA                 db 0A2h
seg000:77EB                 db  0Ah
seg000:77EC                 db  17h
seg000:77ED                 db 0D8h
seg000:77EE                 db 0AAh
seg000:77EF                 db 0AFh
seg000:77F0                 db 0FDh
seg000:77F1                 db  1Dh
seg000:77F2                 db  23h ; #
seg000:77F3                 db  40h ; @
seg000:77F4                 db  16h
seg000:77F5                 db  18h
seg000:77F6                 db  57h ; W
seg000:77F7                 db 0FFh
seg000:77F8                 db 0BAh
seg000:77F9                 db  41h ; A
seg000:77FA                 db 0CCh
seg000:77FB                 db    0
seg000:77FC                 db  30h ; 0
seg000:77FD                 db  2Fh ; /
seg000:77FE                 db 0FFh
seg000:77FF                 db  94h
seg000:7800                 db    1
seg000:7801                 db  90h
seg000:7802                 db  25h ; %
seg000:7803                 db    0
seg000:7804                 db  13h
seg000:7805                 db 0FFh
seg000:7806                 db 0C0h
seg000:7807                 db    3
seg000:7808                 db  82h
seg000:7809                 db  22h ; "
seg000:780A                 db    0
seg000:780B                 db  63h ; c
seg000:780C                 db 0FFh
seg000:780D                 db 0F0h
seg000:780E                 db  0Fh
seg000:780F                 db 0CEh
seg000:7810                 db  23h ; #
seg000:7811                 db 0C0h
seg000:7812                 db 0D3h
seg000:7813                 db 0FFh
seg000:7814                 db 0FFh
seg000:7815                 db 0FFh
seg000:7816                 db  8Eh
seg000:7817                 db  63h ; c
seg000:7818                 db 0FFh
seg000:7819                 db 0A3h
seg000:781A                 db 0FFh
seg000:781B                 db 0FFh
seg000:781C                 db 0E7h
seg000:781D                 db  1Ch
seg000:781E                 db 0AAh
seg000:781F                 db 0AAh
seg000:7820                 db  5Fh ; _
seg000:7821                 db  55h ; U
seg000:7822                 db 0B1h
seg000:7823                 db 0AAh
seg000:7824                 db  56h ; V
seg000:7825                 db  54h ; T
seg000:7826                 db  0Ah
seg000:7827                 db 0A0h
seg000:7828                 db    5
seg000:7829                 db    0
seg000:782A                 db  80h
seg000:782B                 db    0
seg000:782C                 db  40h ; @
seg000:782D                 db    0
seg000:782E                 db 0FFh
seg000:782F                 db 0FFh
seg000:7830                 db 0FFh
seg000:7831                 db 0FFh
seg000:7832                 db 0F9h
seg000:7833                 db 0FFh
seg000:7834                 db  7Fh ; 
seg000:7835                 db 0FEh
seg000:7836                 db  1Fh
seg000:7837                 db 0F0h
seg000:7838                 db  8Fh
seg000:7839                 db  83h
seg000:783A                 db 0C0h
seg000:783B                 db    7
seg000:783C                 db 0C0h
seg000:783D                 db  1Eh
seg000:783E                 db 0FFh
seg000:783F                 db 0FFh
seg000:7840                 db 0E6h
seg000:7841                 db 0FFh
seg000:7842                 db 0E0h
seg000:7843                 db  7Fh ; 
seg000:7844                 db  79h ; y
seg000:7845                 db 0FCh
seg000:7846                 db  1Fh
seg000:7847                 db 0F0h
seg000:7848                 db  8Fh
seg000:7849                 db  80h
seg000:784A                 db 0C0h
seg000:784B                 db    5
seg000:784C                 db 0C0h
seg000:784D                 db  0Ah
seg000:784E                 db 0AAh
seg000:784F                 db 0AAh
seg000:7850                 db  55h ; U
seg000:7851                 db 0D5h
seg000:7852                 db 0A0h
seg000:7853                 db  2Ah ; *
seg000:7854                 db  56h ; V
seg000:7855                 db  54h ; T
seg000:7856                 db  0Ah
seg000:7857                 db 0A0h
seg000:7858                 db    5
seg000:7859                 db    0
seg000:785A                 db  80h
seg000:785B                 db    0
seg000:785C                 db  40h ; @
seg000:785D                 db    0
seg000:785E                 db 0FFh
seg000:785F                 db 0FFh
seg000:7860                 db 0FFh
seg000:7861                 db 0FFh
seg000:7862                 db 0FFh
seg000:7863                 db 0FFh
seg000:7864                 db  7Fh ; 
seg000:7865                 db 0FEh
seg000:7866                 db  1Fh
seg000:7867                 db 0F0h
seg000:7868                 db  8Fh
seg000:7869                 db  83h
seg000:786A                 db 0C0h
seg000:786B                 db    7
seg000:786C                 db 0C0h
seg000:786D                 db  1Eh
seg000:786E                 db 0FFh
seg000:786F                 db 0FFh
seg000:7870                 db 0E4h
seg000:7871                 db  7Fh ; 
seg000:7872                 db 0FFh
seg000:7873                 db 0FFh
seg000:7874                 db  79h ; y
seg000:7875                 db 0FCh
seg000:7876                 db  1Fh
seg000:7877                 db 0F0h
seg000:7878                 db  8Fh
seg000:7879                 db  80h
seg000:787A                 db 0C0h
seg000:787B                 db    5
seg000:787C                 db 0C0h
seg000:787D                 db  0Ah
seg000:787E                 db 0FEh
seg000:787F                 db 0F7h
seg000:7880                 db 0F8h
seg000:7881                 db    0
seg000:7882                 db    4
seg000:7883                 db 0FEh
seg000:7884                 db 0FCh
seg000:7885                 db 0FBh
seg000:7886                 db    1
seg000:7887                 db  11h
seg000:7888                 db 0FAh
seg000:7889                 db    0
seg000:788A                 db  53h ; S
seg000:788B                 db  54h ; T
seg000:788C                 db  41h ; A
seg000:788D                 db  46h ; F
seg000:788E                 db  46h ; F
seg000:788F                 db 0F9h
seg000:7890                 db 0FCh
seg000:7891                 db 0F8h
seg000:7892                 db  20h
seg000:7893                 db    1
seg000:7894                 db 0F9h
seg000:7895                 db 0FCh
seg000:7896                 db 0FAh
seg000:7897                 db    7
seg000:7898                 db 0F8h
seg000:7899                 db  25h ; %
seg000:789A                 db    5
seg000:789B                 db 0FDh
seg000:789C                 db    9
seg000:789D aProducerJapane db 'PRODUCER - JAPANESE VERSION'
seg000:78B8                 db 0FDh
seg000:78B9                 db    9
seg000:78BA                 db    9
seg000:78BB                 db    9
seg000:78BC                 db    9
seg000:78BD aMitsuhiroMazda db '   Mitsuhiro Mazda'
seg000:78CF                 db 0F9h
seg000:78D0                 db 0FCh
seg000:78D1                 db 0FDh
seg000:78D2                 db    9
seg000:78D3 aProducerEnglis db 'PRODUCER - ENGLISH VERSION'
seg000:78ED                 db 0FDh
seg000:78EE                 db    9
seg000:78EF                 db    9
seg000:78F0                 db    9
seg000:78F1                 db    9
seg000:78F2 aJoshMandel     db '     Josh Mandel'
seg000:7902                 db 0F9h
seg000:7903                 db 0FCh
seg000:7904                 db 0FDh
seg000:7905                 db    9
seg000:7906 aLeadProgrammer db 'LEAD PROGRAMMER'
seg000:7915                 db 0FDh
seg000:7916                 db    9
seg000:7917                 db    9
seg000:7918                 db    9
seg000:7919                 db    9
seg000:791A                 db    9
seg000:791B aTomoyukiShimad db 'Tomoyuki Shimada'
seg000:792B                 db 0F9h
seg000:792C                 db 0FCh
seg000:792D                 db 0FDh
seg000:792E                 db    9
seg000:792F aGraphicDesigne db 'GRAPHIC DESIGNERS'
seg000:7940                 db 0FDh
seg000:7941                 db    9
seg000:7942                 db    9
seg000:7943                 db    9
seg000:7944                 db    9
seg000:7945                 db    9
seg000:7946 aAkihikoYoshida db 'Akihiko Yoshida'
seg000:7955                 db 0FDh
seg000:7956                 db    9
seg000:7957                 db    9
seg000:7958                 db    9
seg000:7959                 db    9
seg000:795A                 db    9
seg000:795B aMasatoshiAzumi db 'Masatoshi Azumi'
seg000:796A                 db 0F9h
seg000:796B                 db 0FCh
seg000:796C                 db 0FDh
seg000:796D                 db    9
seg000:796E aEnglishTextTra db 'ENGLISH TEXT TRANSLATION'
seg000:7986                 db 0FDh
seg000:7987                 db    9
seg000:7988                 db    9
seg000:7989                 db    9
seg000:798A                 db    9
seg000:798B                 db    9
seg000:798C aMartiMckenna   db ' Marti McKenna'
seg000:799A                 db 0F9h
seg000:799B                 db 0FCh
seg000:799C                 db    9
seg000:799D aMusicComposers db 'MUSIC COMPOSERS'
seg000:79AC                 db 0FDh
seg000:79AD                 db    9
seg000:79AE                 db    9
seg000:79AF                 db    9
seg000:79B0                 db    9
seg000:79B1 aMecanoAssociat db '-- MECANO ASSOCIATES --'
seg000:79C8                 db 0FDh
seg000:79C9                 db    9
seg000:79CA                 db    9
seg000:79CB                 db    9
seg000:79CC                 db    9
seg000:79CD aFumihitoKasata db '   Fumihito Kasatani'
seg000:79E1                 db 0FDh
seg000:79E2                 db    9
seg000:79E3                 db    9
seg000:79E4                 db    9
seg000:79E5                 db    9
seg000:79E6 aNobuyukiAoshim db '   Nobuyuki Aoshima'
seg000:79F9                 db 0F9h
seg000:79FA                 db 0FCh
seg000:79FB                 db 0FDh
seg000:79FC                 db    9
seg000:79FD aStoryMaker     db 'STORY MAKER'
seg000:7A08                 db 0FDh
seg000:7A09                 db    9
seg000:7A0A                 db    9
seg000:7A0B                 db    9
seg000:7A0C                 db    9
seg000:7A0D                 db    9
seg000:7A0E aMasaruTakeuchi db 'Masaru Takeuchi'
seg000:7A1D                 db 0F9h
seg000:7A1E                 db 0FCh
seg000:7A1F                 db 0FDh
seg000:7A20                 db    9
seg000:7A21 aSoundEffects   db 'SOUND EFFECTS'
seg000:7A2E                 db 0FDh
seg000:7A2F                 db    9
seg000:7A30                 db    9
seg000:7A31                 db    9
seg000:7A32                 db    9
seg000:7A33                 db    9
seg000:7A34 aTomoyukiShimad_0 db 'Tomoyuki Shimada'
seg000:7A44                 db 0F9h
seg000:7A45                 db 0F8h
seg000:7A46                 db    0
seg000:7A47                 db    3
seg000:7A48                 db 0FCh
seg000:7A49                 db 0FEh
seg000:7A4A                 db 0F7h
seg000:7A4B                 db 0FEh
seg000:7A4C                 db 0FBh
seg000:7A4D                 db    1
seg000:7A4E                 db  0Dh
seg000:7A4F                 db 0FAh
seg000:7A50                 db    0
seg000:7A51 aSpecialThanks  db 'SPECIAL THANKS'
seg000:7A5F                 db 0F9h
seg000:7A60                 db 0FCh
seg000:7A61                 db 0F8h
seg000:7A62                 db  20h
seg000:7A63                 db    1
seg000:7A64                 db 0F9h
seg000:7A65                 db 0FCh
seg000:7A66                 db 0FAh
seg000:7A67                 db    7
seg000:7A68                 db 0F8h
seg000:7A69                 db    0
seg000:7A6A                 db    7
seg000:7A6B                 db 0FDh
seg000:7A6C                 db    9
seg000:7A6D aToshiyukiUchid db 'Toshiyuki Uchida',9,'Yuzo Sunaga'
seg000:7A89                 db 0FDh
seg000:7A8A                 db    9
seg000:7A8B aTakeshiMiyajiN db 'Takeshi Miyaji',9,9,'Naozumi Honma'
seg000:7AA8                 db 0FDh
seg000:7AA9                 db    9
seg000:7AAA aRayENakazatoTo db 'Ray E. Nakazato',9,9,'Toshi Masubuchi'
seg000:7ACA                 db 0F9h
seg000:7ACB                 db 0FCh
seg000:7ACC                 db 0FDh
seg000:7ACD                 db    9
seg000:7ACE aHiroyukiKoyama db 'Hiroyuki Koyama',9,9,'Satoshi Uesaka'
seg000:7AED                 db 0FDh
seg000:7AEE aSierraOnLineJa db '     -- Sierra On-Line Japan, Inc. --'
seg000:7B13                 db 0FDh
seg000:7B14                 db    9
seg000:7B15                 db    9
seg000:7B16                 db    9
seg000:7B17 aEijiEdNagano   db ' Eiji (Ed) Nagano'
seg000:7B28                 db 0F9h
seg000:7B29                 db 0FCh
seg000:7B2A                 db    9
seg000:7B2B aAdvisers       db 'ADVISERS'
seg000:7B33                 db 0FDh
seg000:7B34                 db    9
seg000:7B35                 db    9
seg000:7B36                 db    9
seg000:7B37                 db    9
seg000:7B38                 db    9
seg000:7B39 aOsamuHarada    db '  Osamu Harada'
seg000:7B47                 db 0FDh
seg000:7B48                 db    9
seg000:7B49                 db    9
seg000:7B4A                 db    9
seg000:7B4B                 db    9
seg000:7B4C                 db    9
seg000:7B4D aHiromiOhba     db '  Hiromi Ohba'
seg000:7B5A                 db 0FDh
seg000:7B5B                 db    9
seg000:7B5C                 db    9
seg000:7B5D                 db    9
seg000:7B5E                 db    9
seg000:7B5F                 db    9
seg000:7B60 aGregMiyaji     db '  Greg Miyaji'
seg000:7B6D                 db 0F9h
seg000:7B6E                 db 0FCh
seg000:7B6F                 db 0F8h
seg000:7B70                 db  80h
seg000:7B71                 db    5
seg000:7B72                 db 0FDh
seg000:7B73                 db    9
seg000:7B74 aSystemDesigner db 'SYSTEM DESIGNER'
seg000:7B83                 db 0FDh
seg000:7B84                 db    9
seg000:7B85                 db    9
seg000:7B86                 db    9
seg000:7B87                 db    9
seg000:7B88                 db    9
seg000:7B89 aRockyCaveMaker db 'Rocky Cave Maker'
seg000:7B99                 db 0F9h
seg000:7B9A                 db 0F8h
seg000:7B9B                 db  20h
seg000:7B9C                 db    1
seg000:7B9D                 db 0FCh
seg000:7B9E                 db 0F9h
seg000:7B9F                 db 0F8h
seg000:7BA0                 db    0
seg000:7BA1                 db    3
seg000:7BA2                 db 0FCh
seg000:7BA3                 db 0FBh
seg000:7BA4                 db    1
seg000:7BA5                 db  0Ch
seg000:7BA6                 db 0FAh
seg000:7BA7                 db    0
seg000:7BA8 aServingMonster db 'SERVING MONSTERS'
seg000:7BB8                 db 0F9h
seg000:7BB9                 db 0FCh
seg000:7BBA                 db 0F8h
seg000:7BBB                 db  20h
seg000:7BBC                 db    1
seg000:7BBD                 db 0F9h
seg000:7BBE                 db 0FCh
seg000:7BBF                 db 0FAh
seg000:7BC0                 db    7
seg000:7BC1                 db 0F8h
seg000:7BC2                 db  40h ; @
seg000:7BC3                 db    1
seg000:7BC4                 db    9
seg000:7BC5 aCavernOfMarici db 'Cavern of Maricia',9,9,'CANGREJO'
seg000:7BE0                 db 0F9h
seg000:7BE1                 db 0FDh
seg000:7BE2                 db    9
seg000:7BE3                 db    9
seg000:7BE4 aPeligroPulpo   db 'Peligro',9,9,9,9,'PULPO'
seg000:7BF4                 db 0F9h
seg000:7BF5                 db 0FDh
seg000:7BF6                 db    9
seg000:7BF7                 db    9
seg000:7BF8 aRizaPollo      db 'Riza',9,9,9,9,'POLLO'
seg000:7C05                 db 0F9h
seg000:7C06                 db 0F9h
seg000:7C07                 db 0FCh
seg000:7C08                 db    9
seg000:7C09 aCavernOfGlacia db 'Cavern of Glacial',9,9,'AGER'
seg000:7C20                 db 0F9h
seg000:7C21                 db 0FDh
seg000:7C22                 db    9
seg000:7C23                 db    9
seg000:7C24 aCementarVista  db 'Cementar',9,9,9,'VISTA'
seg000:7C34                 db 0F9h
seg000:7C35                 db 0FDh
seg000:7C36                 db    9
seg000:7C37                 db    9
seg000:7C38 aTesoroTarso    db 'Tesoro',9,9,9,9,'TARSO'
seg000:7C47                 db 0F9h
seg000:7C48                 db 0F9h
seg000:7C49                 db 0FCh
seg000:7C4A                 db    9
seg000:7C4B                 db    9
seg000:7C4C aLlamaTownPagur db 'Llama Town',9,9,9,'PAGURO'
seg000:7C5F                 db 0F9h
seg000:7C60                 db 0FDh
seg000:7C61                 db    9
seg000:7C62 aCavernOfCalien db 'Cavern of Caliente',9,9,'DRAGON'
seg000:7C7C                 db 0F9h
seg000:7C7D                 db 0FDh
seg000:7C7E                 db    9
seg000:7C7F                 db    9
seg000:7C80 aAbsorAlguien   db 'Absor',9,9,9,9,'ALGUIEN'
seg000:7C90                 db 0F9h
seg000:7C91                 db 0F9h
seg000:7C92                 db 0FCh
seg000:7C93                 db 0FAh
seg000:7C94                 db    0
seg000:7C95                 db 0FEh
seg000:7C96                 db    9
seg000:7C97 aCopyrightC1987 db 'Copyright (C)1987,1990 GAME ARTS'
seg000:7CB7                 db 0FDh
seg000:7CB8                 db    9
seg000:7CB9 aCopyrightC1990 db 'Copyright (C)1990 Sierra On-Line'
seg000:7CD9                 db 0FDh
seg000:7CDA aThisEditionFir db '  This edition first published 1987 by'
seg000:7D00                 db 0FDh
seg000:7D01 aGameArtsCoLtdT db '  GAME ARTS Co.,Ltd./ Tomoyuki Shimada'
seg000:7D27                 db 0FEh
seg000:7D28                 db 0F7h
seg000:7D29                 db 0FEh
seg000:7D2A                 db 0FFh
seg000:7D2B                 db    0
seg000:7D2C                 db    0
seg000:7D2D                 db    0
seg000:7D2E                 db    0
seg000:7D2F                 db    0
seg000:7D30                 db    0
seg000:7D31                 db    1
seg000:7D32                 db    2
seg000:7D33                 db    3
seg000:7D34                 db    4
seg000:7D35                 db    0
seg000:7D36                 db    0
seg000:7D37                 db    0
seg000:7D38                 db    0
seg000:7D39                 db    0
seg000:7D3A                 db    0
seg000:7D3B                 db    5
seg000:7D3C                 db    6
seg000:7D3D                 db    7
seg000:7D3E                 db    8
seg000:7D3F                 db    9
seg000:7D40                 db  0Ah
seg000:7D41                 db  0Bh
seg000:7D42                 db  0Ch
seg000:7D43                 db  0Dh
seg000:7D44                 db  0Eh
seg000:7D45                 db  0Fh
seg000:7D46                 db  10h
seg000:7D47                 db  11h
seg000:7D48                 db  12h
seg000:7D49                 db  13h
seg000:7D4A                 db  14h
seg000:7D4B                 db  15h
seg000:7D4C                 db  16h
seg000:7D4D                 db    0
seg000:7D4E                 db    0
seg000:7D4F                 db    0
seg000:7D50                 db  17h
seg000:7D51                 db  18h
seg000:7D52                 db  19h
seg000:7D53                 db  1Ah
seg000:7D54                 db  1Bh
seg000:7D55                 db  1Ch
seg000:7D56                 db  1Dh
seg000:7D57                 db  1Eh
seg000:7D58                 db  1Fh
seg000:7D59                 db  20h
seg000:7D5A                 db  21h ; !
seg000:7D5B                 db  22h ; "
seg000:7D5C                 db  23h ; #
seg000:7D5D                 db  24h ; $
seg000:7D5E                 db  25h ; %
seg000:7D5F                 db  26h ; &
seg000:7D60                 db  27h ; '
seg000:7D61                 db  28h ; (
seg000:7D62                 db  29h ; )
seg000:7D63                 db  2Ah ; *
seg000:7D64                 db  2Bh ; +
seg000:7D65                 db  2Ch ; ,
seg000:7D66                 db  2Dh ; -
seg000:7D67                 db  2Eh ; .
seg000:7D68                 db    0
seg000:7D69                 db    0
seg000:7D6A                 db  2Fh ; /
seg000:7D6B                 db  30h ; 0
seg000:7D6C                 db  31h ; 1
seg000:7D6D                 db  32h ; 2
seg000:7D6E                 db  33h ; 3
seg000:7D6F                 db    0
seg000:7D70                 db    0
seg000:7D71                 db  34h ; 4
seg000:7D72                 db  35h ; 5
seg000:7D73                 db  36h ; 6
seg000:7D74                 db  37h ; 7
seg000:7D75                 db  38h ; 8
seg000:7D76                 db    0
seg000:7D77                 db  39h ; 9
seg000:7D78                 db  26h ; &
seg000:7D79                 db  3Ah ; :
seg000:7D7A                 db    0
seg000:7D7B                 db    0
seg000:7D7C                 db    0
seg000:7D7D                 db    0
seg000:7D7E                 db    0
seg000:7D7F                 db    0
seg000:7D80                 db    0
seg000:7D81                 db    0
seg000:7D82                 db    0
seg000:7D83                 db    0
seg000:7D84                 db    0
seg000:7D85                 db    0
seg000:7D86                 db    0
seg000:7D87                 db    0
seg000:7D88                 db    0
seg000:7D89                 db    0
seg000:7D8A                 db    0
seg000:7D8B                 db    0
seg000:7D8C                 db    0
seg000:7D8D                 db  3Bh ; ;
seg000:7D8E                 db  3Ch ; <
seg000:7D8F                 db  3Dh ; =
seg000:7D90                 db    0
seg000:7D91                 db    0
seg000:7D92                 db    0
seg000:7D93                 db  3Eh ; >
seg000:7D94                 db  3Fh ; ?
seg000:7D95                 db  40h ; @
seg000:7D96                 db  41h ; A
seg000:7D97                 db    0
seg000:7D98                 db    0
seg000:7D99                 db    0
seg000:7D9A                 db    0
seg000:7D9B                 db    0
seg000:7D9C                 db    0
seg000:7D9D                 db    0
seg000:7D9E                 db    0
seg000:7D9F                 db    0
seg000:7DA0                 db    0
seg000:7DA1                 db    0
seg000:7DA2                 db    0
seg000:7DA3                 db    0
seg000:7DA4                 db    0
seg000:7DA5                 db    0
seg000:7DA6                 db    0
seg000:7DA7                 db    0
seg000:7DA8                 db    0
seg000:7DA9                 db    0
seg000:7DAA                 db    0
seg000:7DAB                 db    0
seg000:7DAC                 db    0
seg000:7DAD                 db    0
seg000:7DAE                 db    0
seg000:7DAF                 db    0
seg000:7DB0                 db    0
seg000:7DB1                 db    0
seg000:7DB2                 db    0
seg000:7DB3                 db    0
seg000:7DB4                 db    0
seg000:7DB5                 db  42h ; B
seg000:7DB6                 db  43h ; C
seg000:7DB7                 db  44h ; D
seg000:7DB8                 db  45h ; E
seg000:7DB9                 db    0
seg000:7DBA                 db    0
seg000:7DBB                 db    0
seg000:7DBC                 db    0
seg000:7DBD                 db    0
seg000:7DBE                 db    0
seg000:7DBF                 db    0
seg000:7DC0                 db    0
seg000:7DC1                 db    0
seg000:7DC2                 db    0
seg000:7DC3                 db    0
seg000:7DC4                 db    0
seg000:7DC5                 db    0
seg000:7DC6                 db    0
seg000:7DC7                 db    0
seg000:7DC8                 db    0
seg000:7DC9                 db    0
seg000:7DCA                 db    0
seg000:7DCB                 db    0
seg000:7DCC                 db    0
seg000:7DCD                 db    0
seg000:7DCE                 db    0
seg000:7DCF                 db    0
seg000:7DD0                 db    0
seg000:7DD1                 db    0
seg000:7DD2                 db    0
seg000:7DD3                 db    0
seg000:7DD4                 db    0
seg000:7DD5                 db    0
seg000:7DD6                 db    0
seg000:7DD7                 db  46h ; F
seg000:7DD8                 db  47h ; G
seg000:7DD9                 db  16h
seg000:7DDA                 db    0
seg000:7DDB                 db    0
seg000:7DDC                 db    0
seg000:7DDD                 db    0
seg000:7DDE                 db    0
seg000:7DDF                 db    0
seg000:7DE0                 db    0
seg000:7DE1                 db    0
seg000:7DE2                 db    0
seg000:7DE3                 db    0
seg000:7DE4                 db    0
seg000:7DE5                 db    0
seg000:7DE6                 db    0
seg000:7DE7                 db    0
seg000:7DE8                 db    0
seg000:7DE9                 db    0
seg000:7DEA                 db    0
seg000:7DEB                 db    0
seg000:7DEC                 db    0
seg000:7DED                 db    0
seg000:7DEE                 db    0
seg000:7DEF                 db    0
seg000:7DF0                 db    0
seg000:7DF1                 db    0
seg000:7DF2                 db    0
seg000:7DF3                 db    0
seg000:7DF4                 db    0
seg000:7DF5                 db    0
seg000:7DF6                 db    0
seg000:7DF7                 db    0
seg000:7DF8                 db    0
seg000:7DF9                 db  48h ; H
seg000:7DFA                 db  49h ; I
seg000:7DFB                 db  4Ah ; J
seg000:7DFC                 db    0
seg000:7DFD                 db    0
seg000:7DFE                 db    0
seg000:7DFF                 db    0
seg000:7E00                 db    0
seg000:7E01                 db    0
seg000:7E02                 db    0
seg000:7E03                 db    0
seg000:7E04                 db    0
seg000:7E05                 db    0
seg000:7E06                 db    0
seg000:7E07                 db    0
seg000:7E08                 db    0
seg000:7E09                 db    0
seg000:7E0A                 db    0
seg000:7E0B                 db    0
seg000:7E0C                 db    0
seg000:7E0D                 db    0
seg000:7E0E                 db    0
seg000:7E0F                 db    0
seg000:7E10                 db    0
seg000:7E11                 db    0
seg000:7E12                 db    0
seg000:7E13                 db    0
seg000:7E14                 db    0
seg000:7E15                 db    0
seg000:7E16                 db    0
seg000:7E17                 db    0
seg000:7E18                 db    0
seg000:7E19                 db    0
seg000:7E1A                 db    0
seg000:7E1B                 db    0
seg000:7E1C                 db    0
seg000:7E1D                 db    0
seg000:7E1E                 db    0
seg000:7E1F                 db    0
seg000:7E20                 db    0
seg000:7E21                 db    0
seg000:7E22                 db    0
seg000:7E23                 db    0
seg000:7E24                 db    0
seg000:7E25                 db    0
seg000:7E26                 db    0
seg000:7E27                 db    0
seg000:7E28                 db    0
seg000:7E29                 db    0
seg000:7E2A                 db    0
seg000:7E2B                 db    0
seg000:7E2C                 db    0
seg000:7E2D                 db    0
seg000:7E2E                 db    0
seg000:7E2F                 db    0
seg000:7E30                 db    0
seg000:7E31                 db    0
seg000:7E32                 db    0
seg000:7E33                 db    0
seg000:7E34                 db    0
seg000:7E35                 db    0
seg000:7E36                 db    0
seg000:7E37                 db    0
seg000:7E38                 db    0
seg000:7E39                 db    0
seg000:7E3A                 db    0
seg000:7E3B                 db    0
seg000:7E3C                 db    0
seg000:7E3D                 db    0
seg000:7E3E                 db    0
seg000:7E3F                 db    0
seg000:7E40                 db    0
seg000:7E41                 db    0
seg000:7E42                 db    0
seg000:7E43                 db    0
seg000:7E44                 db    0
seg000:7E45                 db    0
seg000:7E46                 db    0
seg000:7E47                 db    0
seg000:7E48                 db    0
seg000:7E49                 db    0
seg000:7E4A                 db    0
seg000:7E4B                 db    0
seg000:7E4C                 db    0
seg000:7E4D                 db    0
seg000:7E4E                 db    0
seg000:7E4F                 db    0
seg000:7E50                 db    0
seg000:7E51                 db    0
seg000:7E52                 db    0
seg000:7E53                 db    0
seg000:7E54                 db    0
seg000:7E55                 db    0
seg000:7E56                 db    0
seg000:7E57                 db    0
seg000:7E58                 db    0
seg000:7E59                 db    0
seg000:7E5A                 db    0
seg000:7E5B                 db    0
seg000:7E5C                 db    0
seg000:7E5D                 db  4Bh ; K
seg000:7E5E                 db  4Ch ; L
seg000:7E5F                 db  4Dh ; M
seg000:7E60                 db    0
seg000:7E61                 db    0
seg000:7E62                 db    0
seg000:7E63                 db    0
seg000:7E64                 db    0
seg000:7E65                 db    0
seg000:7E66                 db    0
seg000:7E67                 db    0
seg000:7E68                 db    0
seg000:7E69                 db    0
seg000:7E6A                 db    0
seg000:7E6B                 db    0
seg000:7E6C                 db    0
seg000:7E6D                 db    0
seg000:7E6E                 db    0
seg000:7E6F                 db    0
seg000:7E70                 db    0
seg000:7E71                 db    0
seg000:7E72                 db    0
seg000:7E73                 db    0
seg000:7E74                 db    0
seg000:7E75                 db    0
seg000:7E76                 db    0
seg000:7E77                 db    0
seg000:7E78                 db    0
seg000:7E79                 db    0
seg000:7E7A                 db    0
seg000:7E7B                 db    0
seg000:7E7C                 db    0
seg000:7E7D                 db    0
seg000:7E7E                 db    0
seg000:7E7F                 db  4Eh ; N
seg000:7E80                 db  4Fh ; O
seg000:7E81                 db  50h ; P
seg000:7E82                 db    0
seg000:7E83                 db    0
seg000:7E84                 db    0
seg000:7E85                 db    0
seg000:7E86                 db    0
seg000:7E87                 db    0
seg000:7E88                 db    0
seg000:7E89                 db    0
seg000:7E8A                 db    0
seg000:7E8B                 db    0
seg000:7E8C                 db    0
seg000:7E8D                 db    0
seg000:7E8E                 db    0
seg000:7E8F                 db    0
seg000:7E90                 db    0
seg000:7E91                 db    0
seg000:7E92                 db    0
seg000:7E93                 db    0
seg000:7E94                 db    0
seg000:7E95                 db    0
seg000:7E96                 db    0
seg000:7E97                 db    0
seg000:7E98                 db    0
seg000:7E99                 db    0
seg000:7E9A                 db    0
seg000:7E9B                 db    0
seg000:7E9C                 db    0
seg000:7E9D                 db    0
seg000:7E9E                 db    0
seg000:7E9F                 db    0
seg000:7EA0                 db    0
seg000:7EA1                 db    0
seg000:7EA2                 db  51h ; Q
seg000:7EA3                 db    0
seg000:7EA4                 db    0
seg000:7EA5                 db    0
seg000:7EA6                 db    0
seg000:7EA7                 db    0
seg000:7EA8                 db    0
seg000:7EA9                 db    0
seg000:7EAA                 db    0
seg000:7EAB                 db    0
seg000:7EAC                 db    0
seg000:7EAD                 db    0
seg000:7EAE                 db    0
seg000:7EAF                 db    0
seg000:7EB0                 db    0
seg000:7EB1                 db    0
seg000:7EB2                 db    0
seg000:7EB3                 db    0
seg000:7EB4                 db    0
seg000:7EB5                 db    0
seg000:7EB6                 db    0
seg000:7EB7                 db    0
seg000:7EB8                 db    0
seg000:7EB9                 db    0
seg000:7EBA                 db    0
seg000:7EBB                 db    0
seg000:7EBC                 db    0
seg000:7EBD                 db    0
seg000:7EBE                 db    0
seg000:7EBF                 db    0
seg000:7EC0                 db    0
seg000:7EC1                 db    0
seg000:7EC2                 db    0
seg000:7EC3                 db    0
seg000:7EC4                 db  52h ; R
seg000:7EC5                 db  53h ; S
seg000:7EC6                 db    0
seg000:7EC7                 db    0
seg000:7EC8                 db    0
seg000:7EC9                 db    0
seg000:7ECA                 db    0
seg000:7ECB                 db    0
seg000:7ECC                 db    0
seg000:7ECD                 db    0
seg000:7ECE                 db    0
seg000:7ECF                 db    0
seg000:7ED0                 db    0
seg000:7ED1                 db    0
seg000:7ED2                 db    0
seg000:7ED3                 db    0
seg000:7ED4                 db    0
seg000:7ED5                 db    0
seg000:7ED6                 db    0
seg000:7ED7                 db    0
seg000:7ED8                 db    0
seg000:7ED9                 db    0
seg000:7EDA                 db    0
seg000:7EDB                 db    0
seg000:7EDC                 db    0
seg000:7EDD                 db    0
seg000:7EDE                 db    0
seg000:7EDF                 db    0
seg000:7EE0                 db    0
seg000:7EE1                 db    0
seg000:7EE2                 db    0
seg000:7EE3                 db    0
seg000:7EE4                 db    0
seg000:7EE5                 db    0
seg000:7EE6                 db  54h ; T
seg000:7EE7                 db  55h ; U
seg000:7EE8                 db  56h ; V
seg000:7EE9                 db    0
seg000:7EEA                 db    0
seg000:7EEB                 db    0
seg000:7EEC                 db    0
seg000:7EED                 db    0
seg000:7EEE                 db    0
seg000:7EEF                 db    0
seg000:7EF0                 db    0
seg000:7EF1                 db    0
seg000:7EF2                 db    0
seg000:7EF3                 db    0
seg000:7EF4                 db    0
seg000:7EF5                 db    0
seg000:7EF6                 db    0
seg000:7EF7                 db    0
seg000:7EF8                 db    0
seg000:7EF9                 db    0
seg000:7EFA                 db    0
seg000:7EFB                 db    0
seg000:7EFC                 db    0
seg000:7EFD                 db    0
seg000:7EFE                 db    0
seg000:7EFF                 db    0
seg000:7F00                 db    0
seg000:7F01                 db    0
seg000:7F02                 db    0
seg000:7F03                 db    0
seg000:7F04                 db    0
seg000:7F05                 db    0
seg000:7F06                 db    0
seg000:7F07                 db    0
seg000:7F08                 db  57h ; W
seg000:7F09                 db  58h ; X
seg000:7F0A                 db  59h ; Y
seg000:7F0B                 db  5Ah ; Z
seg000:7F0C                 db    0
seg000:7F0D                 db    0
seg000:7F0E                 db    0
seg000:7F0F                 db    0
seg000:7F10                 db    0
seg000:7F11                 db    0
seg000:7F12                 db    0
seg000:7F13                 db    0
seg000:7F14                 db    0
seg000:7F15                 db    0
seg000:7F16                 db    0
seg000:7F17                 db    0
seg000:7F18                 db    0
seg000:7F19                 db    0
seg000:7F1A                 db    0
seg000:7F1B                 db    0
seg000:7F1C                 db    0
seg000:7F1D                 db    0
seg000:7F1E                 db    0
seg000:7F1F                 db    0
seg000:7F20                 db    0
seg000:7F21                 db    0
seg000:7F22                 db    0
seg000:7F23                 db    0
seg000:7F24                 db    0
seg000:7F25                 db    0
seg000:7F26                 db    0
seg000:7F27                 db    0
seg000:7F28                 db    0
seg000:7F29                 db    0
seg000:7F2A                 db  5Bh ; [
seg000:7F2B                 db  5Ch ; \
seg000:7F2C                 db  5Dh ; ]
seg000:7F2D                 db  5Eh ; ^
seg000:7F2E                 db    0
seg000:7F2F                 db    0
seg000:7F30                 db    0
seg000:7F31                 db    0
seg000:7F32                 db    0
seg000:7F33                 db    0
seg000:7F34                 db    0
seg000:7F35                 db    0
seg000:7F36                 db    0
seg000:7F37                 db    0
seg000:7F38                 db    0
seg000:7F39                 db    0
seg000:7F3A                 db    0
seg000:7F3B                 db    0
seg000:7F3C                 db    0
seg000:7F3D                 db    0
seg000:7F3E                 db    0
seg000:7F3F                 db    0
seg000:7F40                 db    0
seg000:7F41                 db    0
seg000:7F42                 db    0
seg000:7F43                 db    0
seg000:7F44                 db    0
seg000:7F45                 db    0
seg000:7F46                 db    0
seg000:7F47                 db    0
seg000:7F48                 db    0
seg000:7F49                 db    0
seg000:7F4A                 db    0
seg000:7F4B                 db    0
seg000:7F4C                 db  5Fh ; _
seg000:7F4D                 db  60h ; `
seg000:7F4E                 db  61h ; a
seg000:7F4F                 db  62h ; b
seg000:7F50                 db    0
seg000:7F51                 db    0
seg000:7F52                 db    0
seg000:7F53                 db    0
seg000:7F54                 db    0
seg000:7F55                 db    0
seg000:7F56                 db    0
seg000:7F57                 db    0
seg000:7F58                 db    0
seg000:7F59                 db    0
seg000:7F5A                 db    0
seg000:7F5B                 db    0
seg000:7F5C                 db    0
seg000:7F5D                 db    0
seg000:7F5E                 db    0
seg000:7F5F                 db    0
seg000:7F60                 db    0
seg000:7F61                 db    0
seg000:7F62                 db    0
seg000:7F63                 db    0
seg000:7F64                 db    0
seg000:7F65                 db    0
seg000:7F66                 db    0
seg000:7F67                 db    0
seg000:7F68                 db    0
seg000:7F69                 db    0
seg000:7F6A                 db    0
seg000:7F6B                 db    0
seg000:7F6C                 db    0
seg000:7F6D                 db    0
seg000:7F6E                 db  63h ; c
seg000:7F6F                 db  64h ; d
seg000:7F70                 db    0
seg000:7F71                 db    0
seg000:7F72                 db    0
seg000:7F73                 db    0
seg000:7F74                 db    0
seg000:7F75                 db    0
seg000:7F76                 db    0
seg000:7F77                 db    0
seg000:7F78                 db    0
seg000:7F79                 db    0
seg000:7F7A                 db    0
seg000:7F7B                 db    0
seg000:7F7C                 db    0
seg000:7F7D                 db    0
seg000:7F7E                 db    0
seg000:7F7F                 db    0
seg000:7F80                 db    0
seg000:7F81                 db    0
seg000:7F82                 db    0
seg000:7F83                 db    0
seg000:7F84                 db    0
seg000:7F85                 db    0
seg000:7F86                 db    0
seg000:7F87                 db    0
seg000:7F88                 db    0
seg000:7F89                 db    0
seg000:7F8A                 db    0
seg000:7F8B                 db    0
seg000:7F8C                 db    0
seg000:7F8D                 db    0
seg000:7F8E                 db    0
seg000:7F8F                 db    0
seg000:7F90                 db  65h ; e
seg000:7F91                 db  66h ; f
seg000:7F92                 db  67h ; g
seg000:7F93                 db  68h ; h
seg000:7F94                 db  69h ; i
seg000:7F95                 db    0
seg000:7F96                 db    0
seg000:7F97                 db    0
seg000:7F98                 db    0
seg000:7F99                 db    0
seg000:7F9A                 db    0
seg000:7F9B                 db    0
seg000:7F9C                 db    0
seg000:7F9D                 db    0
seg000:7F9E                 db    0
seg000:7F9F                 db    0
seg000:7FA0                 db    0
seg000:7FA1                 db    0
seg000:7FA2                 db    0
seg000:7FA3                 db    0
seg000:7FA4                 db    0
seg000:7FA5                 db    0
seg000:7FA6                 db    0
seg000:7FA7                 db    0
seg000:7FA8                 db    0
seg000:7FA9                 db    0
seg000:7FAA                 db    0
seg000:7FAB                 db    0
seg000:7FAC                 db    0
seg000:7FAD                 db    0
seg000:7FAE                 db    0
seg000:7FAF                 db    0
seg000:7FB0                 db    0
seg000:7FB1                 db    0
seg000:7FB2                 db  6Ah ; j
seg000:7FB3                 db  6Bh ; k
seg000:7FB4                 db  6Ch ; l
seg000:7FB5                 db  6Dh ; m
seg000:7FB6                 db  6Eh ; n
seg000:7FB7                 db  6Fh ; o
seg000:7FB8                 db  70h ; p
seg000:7FB9                 db  71h ; q
seg000:7FBA                 db  72h ; r
seg000:7FBB                 db  73h ; s
seg000:7FBC                 db    0
seg000:7FBD                 db    0
seg000:7FBE                 db    0
seg000:7FBF                 db    0
seg000:7FC0                 db    0
seg000:7FC1                 db    0
seg000:7FC2                 db    0
seg000:7FC3                 db    0
seg000:7FC4                 db    0
seg000:7FC5                 db    0
seg000:7FC6                 db    0
seg000:7FC7                 db    0
seg000:7FC8                 db    0
seg000:7FC9                 db    0
seg000:7FCA                 db    0
seg000:7FCB                 db    0
seg000:7FCC                 db    0
seg000:7FCD                 db    0
seg000:7FCE                 db    0
seg000:7FCF                 db    0
seg000:7FD0                 db    0
seg000:7FD1                 db    0
seg000:7FD2                 db    0
seg000:7FD3                 db    0
seg000:7FD4                 db  74h ; t
seg000:7FD5                 db  75h ; u
seg000:7FD6                 db  76h ; v
seg000:7FD7                 db  77h ; w
seg000:7FD8                 db  78h ; x
seg000:7FD9                 db  79h ; y
seg000:7FDA                 db  7Ah ; z
seg000:7FDB                 db  7Bh ; {
seg000:7FDC                 db  7Ch ; |
seg000:7FDD                 db  7Dh ; }
seg000:7FDE                 db    0
seg000:7FDF                 db    0
seg000:7FE0                 db    0
seg000:7FE1                 db    0
seg000:7FE2                 db    0
seg000:7FE3                 db    0
seg000:7FE4                 db    0
seg000:7FE5                 db    0
seg000:7FE6                 db    0
seg000:7FE7                 db    0
seg000:7FE8                 db    0
seg000:7FE9                 db    0
seg000:7FEA                 db    0
seg000:7FEB                 db    0
seg000:7FEC                 db    0
seg000:7FED                 db    0
seg000:7FEE                 db    0
seg000:7FEF                 db    0
seg000:7FF0                 db    0
seg000:7FF1                 db    0
seg000:7FF2                 db    0
seg000:7FF3                 db    0
seg000:7FF4                 db    0
seg000:7FF5                 db    0
seg000:7FF6                 db  7Eh ; ~
seg000:7FF7                 db  7Fh ; 
seg000:7FF8                 db  80h
seg000:7FF9                 db  81h
seg000:7FFA                 db  82h
seg000:7FFB                 db  83h
seg000:7FFC                 db  84h
seg000:7FFD                 db  85h
seg000:7FFE                 db  86h
seg000:7FFF                 db  87h
seg000:8000                 db  88h
seg000:8001                 db  89h
seg000:8002                 db    0
seg000:8003                 db    0
seg000:8004                 db    0
seg000:8005                 db    0
seg000:8006                 db  0Fh
seg000:8007                 db  8Ah
seg000:8008                 db  8Bh
seg000:8009                 db  8Ch
seg000:800A                 db    0
seg000:800B                 db    0
seg000:800C                 db    0
seg000:800D                 db    0
seg000:800E                 db    0
seg000:800F                 db    0
seg000:8010                 db    0
seg000:8011                 db    0
seg000:8012                 db    0
seg000:8013                 db    0
seg000:8014                 db    0
seg000:8015                 db    0
seg000:8016                 db    0
seg000:8017                 db    0
seg000:8018                 db  2Fh ; /
seg000:8019                 db  8Dh
seg000:801A                 db  8Eh
seg000:801B                 db  8Fh
seg000:801C                 db  90h
seg000:801D                 db  91h
seg000:801E                 db  92h
seg000:801F                 db  93h
seg000:8020                 db  94h
seg000:8021                 db  95h
seg000:8022                 db  96h
seg000:8023                 db  97h
seg000:8024                 db    0
seg000:8025                 db    0
seg000:8026                 db    0
seg000:8027                 db  98h
seg000:8028                 db  99h
seg000:8029                 db  9Ah
seg000:802A                 db  9Bh
seg000:802B                 db  9Ch
seg000:802C                 db  9Dh
seg000:802D                 db    0
seg000:802E                 db    0
seg000:802F                 db    0
seg000:8030                 db    0
seg000:8031                 db    0
seg000:8032                 db    0
seg000:8033                 db    0
seg000:8034                 db    0
seg000:8035                 db    0
seg000:8036                 db    0
seg000:8037                 db    0
seg000:8038                 db    0
seg000:8039                 db    0
seg000:803A                 db    0
seg000:803B                 db  9Eh
seg000:803C                 db  9Fh
seg000:803D                 db 0A0h
seg000:803E                 db 0A1h
seg000:803F                 db 0A2h
seg000:8040                 db 0A3h
seg000:8041                 db 0A4h
seg000:8042                 db 0A5h
seg000:8043                 db 0A6h
seg000:8044                 db 0A7h
seg000:8045                 db 0A8h
seg000:8046                 db 0A9h
seg000:8047                 db  16h
seg000:8048                 db    0
seg000:8049                 db 0AAh
seg000:804A                 db 0ABh
seg000:804B                 db 0ACh
seg000:804C                 db 0ADh
seg000:804D                 db 0AEh
seg000:804E                 db 0AFh
seg000:804F                 db    0
seg000:8050                 db    0
seg000:8051                 db    0
seg000:8052                 db    0
seg000:8053                 db    0
seg000:8054                 db    0
seg000:8055                 db    0
seg000:8056                 db    0
seg000:8057                 db    0
seg000:8058                 db    0
seg000:8059                 db    0
seg000:805A                 db    0
seg000:805B                 db    0
seg000:805C                 db    0
seg000:805D                 db 0B0h
seg000:805E                 db 0B1h
seg000:805F                 db 0B2h
seg000:8060                 db 0B3h
seg000:8061                 db 0B4h
seg000:8062                 db 0B5h
seg000:8063                 db 0B6h
seg000:8064                 db 0B7h
seg000:8065                 db 0B8h
seg000:8066                 db  26h ; &
seg000:8067                 db  26h ; &
seg000:8068                 db 0B9h
seg000:8069                 db 0BAh
seg000:806A                 db 0BBh
seg000:806B                 db 0BCh
seg000:806C                 db 0BDh
seg000:806D                 db 0BEh
seg000:806E                 db 0BFh
seg000:806F                 db 0C0h
seg000:8070                 db 0C1h
seg000:8071                 db    0
seg000:8072                 db    0
seg000:8073                 db    0
seg000:8074                 db    0
seg000:8075                 db    0
seg000:8076                 db    0
seg000:8077                 db    0
seg000:8078                 db    0
seg000:8079                 db    0
seg000:807A                 db    0
seg000:807B                 db    0
seg000:807C                 db    0
seg000:807D byte_807D       db 0
seg000:807E                 db    2
seg000:807F                 db    2
seg000:8080                 db    3
seg000:8081                 db    1
seg000:8082                 db    0
seg000:8083                 db    0
seg000:8084                 db    2
seg000:8085                 db    2
seg000:8086                 db    3
seg000:8087                 db    1
seg000:8088                 db    1
seg000:8089                 db    1
seg000:808A                 db    2
seg000:808B                 db    2
seg000:808C                 db    0
seg000:808D                 db    1
seg000:808E                 db    2
seg000:808F                 db    1
seg000:8090                 db    1
seg000:8091                 db    1
seg000:8092                 db    1
seg000:8093                 db    1
seg000:8094                 db    1
seg000:8095                 db    1
seg000:8096                 db    1
seg000:8097                 db    3
seg000:8098                 db    2
seg000:8099                 db    1
seg000:809A                 db    1
seg000:809B                 db    2
seg000:809C                 db    1
seg000:809D                 db    0
seg000:809E                 db    0
seg000:809F                 db    0
seg000:80A0                 db    0
seg000:80A1                 db    0
seg000:80A2                 db    0
seg000:80A3                 db    0
seg000:80A4                 db    0
seg000:80A5                 db    0
seg000:80A6                 db    2
seg000:80A7                 db    0
seg000:80A8                 db    0
seg000:80A9                 db    0
seg000:80AA                 db    0
seg000:80AB                 db    0
seg000:80AC                 db    0
seg000:80AD                 db    0
seg000:80AE                 db    0
seg000:80AF                 db    0
seg000:80B0                 db    0
seg000:80B1                 db    1
seg000:80B2                 db    0
seg000:80B3                 db    0
seg000:80B4                 db    0
seg000:80B5                 db    0
seg000:80B6                 db    0
seg000:80B7                 db    1
seg000:80B8                 db    2
seg000:80B9                 db    2
seg000:80BA                 db    2
seg000:80BB                 db    1
seg000:80BC                 db    1
seg000:80BD                 db    1
seg000:80BE                 db    0
seg000:80BF                 db    0
seg000:80C0                 db    1
seg000:80C1                 db    0
seg000:80C2                 db    1
seg000:80C3                 db    1
seg000:80C4                 db    0
seg000:80C5                 db    0
seg000:80C6                 db    2
seg000:80C7                 db    1
seg000:80C8                 db    0
seg000:80C9                 db    2
seg000:80CA                 db    0
seg000:80CB                 db    1
seg000:80CC                 db    1
seg000:80CD                 db    0
seg000:80CE                 db    0
seg000:80CF                 db    0
seg000:80D0                 db    1
seg000:80D1                 db    1
seg000:80D2                 db    0
seg000:80D3                 db    0
seg000:80D4                 db    0
seg000:80D5                 db    1
seg000:80D6                 db    1
seg000:80D7                 db    1
seg000:80D8                 db    2
seg000:80D9                 db    0
seg000:80DA                 db    3
seg000:80DB                 db    1
seg000:80DC                 db    0
seg000:80DD byte_80DD       db 5
seg000:80DE                 db    4
seg000:80DF                 db    4
seg000:80E0                 db    4
seg000:80E1                 db    6
seg000:80E2                 db    8
seg000:80E3                 db    5
seg000:80E4                 db    3
seg000:80E5                 db    4
seg000:80E6                 db    4
seg000:80E7                 db    6
seg000:80E8                 db    6
seg000:80E9                 db    6
seg000:80EA                 db    5
seg000:80EB                 db    6
seg000:80EC                 db    8
seg000:80ED                 db    7
seg000:80EE                 db    5
seg000:80EF                 db    7
seg000:80F0                 db    7
seg000:80F1                 db    7
seg000:80F2                 db    7
seg000:80F3                 db    7
seg000:80F4                 db    7
seg000:80F5                 db    7
seg000:80F6                 db    7
seg000:80F7                 db    3
seg000:80F8                 db    4
seg000:80F9                 db    6
seg000:80FA                 db    6
seg000:80FB                 db    6
seg000:80FC                 db    7
seg000:80FD                 db    8
seg000:80FE                 db    8
seg000:80FF                 db    8
seg000:8100                 db    8
seg000:8101                 db    8
seg000:8102                 db    8
seg000:8103                 db    8
seg000:8104                 db    8
seg000:8105                 db    8
seg000:8106                 db    5
seg000:8107                 db    8
seg000:8108                 db    8
seg000:8109                 db    8
seg000:810A                 db    8
seg000:810B                 db    8
seg000:810C                 db    8
seg000:810D                 db    8
seg000:810E                 db    8
seg000:810F                 db    8
seg000:8110                 db    8
seg000:8111                 db    7
seg000:8112                 db    8
seg000:8113                 db    8
seg000:8114                 db    8
seg000:8115                 db    8
seg000:8116                 db    8
seg000:8117                 db    7
seg000:8118                 db    5
seg000:8119                 db    3
seg000:811A                 db    5
seg000:811B                 db    6
seg000:811C                 db    7
seg000:811D                 db    7
seg000:811E                 db    8
seg000:811F                 db    8
seg000:8120                 db    7
seg000:8121                 db    8
seg000:8122                 db    7
seg000:8123                 db    7
seg000:8124                 db    8
seg000:8125                 db    8
seg000:8126                 db    5
seg000:8127                 db    6
seg000:8128                 db    8
seg000:8129                 db    5
seg000:812A                 db    8
seg000:812B                 db    7
seg000:812C                 db    7
seg000:812D                 db    8
seg000:812E                 db    8
seg000:812F                 db    8
seg000:8130                 db    7
seg000:8131                 db    6
seg000:8132                 db    8
seg000:8133                 db    8
seg000:8134                 db    8
seg000:8135                 db    7
seg000:8136                 db    7
seg000:8137                 db    7
seg000:8138                 db    4
seg000:8139                 db    8
seg000:813A                 db    4
seg000:813B                 db    7
seg000:813C                 db    8
seg000:813D vfs_waku_grp    db    0
seg000:813E                 db  21h ; !
seg000:813F aWakuGrp        db 'waku.grp',0
seg000:8148 vfs_sei_grp     db    0
seg000:8149                 db  1Ch
seg000:814A aSeiGrp         db 'sei.grp',0
seg000:8152 vfs_yuup_grp    db    0
seg000:8153                 db  26h ; &
seg000:8154 aYuupGrp        db 'yuup.grp',0
seg000:815D vfs_seip_grp    db    0
seg000:815E                 db  1Dh
seg000:815F aSeipGrp        db 'seip.grp',0
seg000:8168 vfs_himp_grp    db    0
seg000:8169                 db  11h
seg000:816A aHimpGrp        db 'himp.grp',0
seg000:8173 vfs_new1_grp    db    0
seg000:8174                 db  18h
seg000:8175 aNew1Grp        db 'new1.grp',0
seg000:817E vfs_new2_grp    db    0
seg000:817F                 db  19h
seg000:8180 aNew2Grp        db 'new2.grp',0
seg000:8189 vfs_ne80_grp    db    0
seg000:818A                 db  15h
seg000:818B aNe80Grp        db 'ne80.grp',0
seg000:8194 vfs_ne81_grp    db    0
seg000:8195                 db  16h
seg000:8196 aNe81Grp        db 'ne81.grp',0
seg000:819F vfs_end5_grp    db    1
seg000:81A0                 db  36h ; 6
seg000:81A1 aEnd5Grp        db 'end5.grp',0
seg000:81AA vfs_end4_grp    db    1
seg000:81AB                 db  35h ; 5
seg000:81AC aEnd4Grp        db 'end4.grp',0
seg000:81B5 vfs_end6_grp    db    1
seg000:81B6                 db  37h ; 7
seg000:81B7 aEnd6Grp        db 'end6.grp',0
seg000:81C0 vfs_end7_grp    db    1
seg000:81C1                 db  38h ; 8
seg000:81C2 aEnd7Grp        db 'end7.grp',0
seg000:81CB vfs_en72_grp    db    1
seg000:81CC                 db  34h ; 4
seg000:81CD aEn72Grp        db 'en72.grp',0
seg000:81D6 vfs_fin_grp     db    1
seg000:81D7                 db  39h ; 9
seg000:81D8 aFinGrp         db 'fin.grp',0
seg000:81E0 vfs_zend_msd    db    0
seg000:81E1                 db  27h ; '
seg000:81E2 aZendMsd        db 'zend.msd',0
seg000:81E2 seg000          ends
seg000:81E2
seg000:81E2
seg000:81E2                 end
